,title,title_detail,links,link,summary,summary_detail,id,guidislink,published,published_parsed,authors,author,author_detail
0,"Reunión con diputados: Mauricio Macri pidió priorizar la gestión, pero dejó un fuerte mensaje de campaña","{'type': 'text/plain', 'language': None, 'base': 'https://www.clarin.com/rss/lo-ultimo/', 'value': 'Reunión con diputados: Mauricio Macri pidió priorizar la gestión, pero dejó un fuerte mensaje de campaña'}","[{'rel': 'alternate', 'type': 'text/html', 'href': 'http://www.clarin.com/politica/reunion-diputados-mauricio-macri-pidio-priorizar-gestion-dejo-fuerte-mensaje-campana_0_Bca2XDneL.html'}, {'length': '0', 'type': 'image/jpg', 'href': 'https://images.clarin.com/2019/09/04/JpoZLA5c0_600x338__1.jpg', 'rel': 'enclosure'}]",http://www.clarin.com/politica/reunion-diputados-mauricio-macri-pidio-priorizar-gestion-dejo-fuerte-mensaje-campana_0_Bca2XDneL.html,"""Tenemos que transmitir tranquilidad a la gente, garantizar la estabilidad de la economía y despejar dudas (en relación a los ahorristas), dijo Macri frente a su tropa.","{'type': 'text/html', 'language': None, 'base': 'https://www.clarin.com/rss/lo-ultimo/', 'value': '""Tenemos que transmitir tranquilidad a la gente, garantizar la estabilidad de la economía y despejar dudas (en relación a los ahorristas), dijo Macri frente a su tropa.'}",http://www.clarin.com/politica/reunion-diputados-mauricio-macri-pidio-priorizar-gestion-dejo-fuerte-mensaje-campana_0_Bca2XDneL.html,False,"Wed, 04 Sep 2019 14:24:30 -0300","time.struct_time(tm_year=2019, tm_mon=9, tm_mday=4, tm_hour=17, tm_min=24, tm_sec=30, tm_wday=2, tm_yday=247, tm_isdst=0)",[{'name': 'Clarin.com'}],Clarin.com,{'name': 'Clarin.com'}
1,"Creyeron que era un ladrón, lo persiguieron entre ocho y lo mataron de un tiro","{'type': 'text/plain', 'language': None, 'base': 'https://www.clarin.com/rss/lo-ultimo/', 'value': 'Creyeron que era un ladrón, lo persiguieron entre ocho y lo mataron de un tiro'}","[{'rel': 'alternate', 'type': 'text/html', 'href': 'http://www.clarin.com/policiales/creyeron-ladron-persiguieron-mataron-tiro_0_2nGuM34Tz.html'}, {'length': '0', 'type': 'image/jpg', 'href': 'https://images.clarin.com/2019/09/04/CPgPC3FYa_600x338__1.jpg', 'rel': 'enclosure'}]",http://www.clarin.com/policiales/creyeron-ladron-persiguieron-mataron-tiro_0_2nGuM34Tz.html,"Uno de los atacantes creyó que había entrado a robar a su casa. La víctima, de 32 años, no tenía antecedentes.","{'type': 'text/html', 'language': None, 'base': 'https://www.clarin.com/rss/lo-ultimo/', 'value': 'Uno de los atacantes creyó que había entrado a robar a su casa. La víctima, de 32 años, no tenía antecedentes.'}",http://www.clarin.com/policiales/creyeron-ladron-persiguieron-mataron-tiro_0_2nGuM34Tz.html,False,"Wed, 04 Sep 2019 14:21:55 -0300","time.struct_time(tm_year=2019, tm_mon=9, tm_mday=4, tm_hour=17, tm_min=21, tm_sec=55, tm_wday=2, tm_yday=247, tm_isdst=0)",[{'name': 'Clarin.com'}],Clarin.com,{'name': 'Clarin.com'}
2,"Cristiano Rattazzi y una queja que se repite entre empresarios: ""Con esta inflación, no podemos hacer ninguna cuenta""","{'type': 'text/plain', 'language': None, 'base': 'https://www.clarin.com/rss/lo-ultimo/', 'value': 'Cristiano Rattazzi y una queja que se repite entre empresarios: ""Con esta inflación, no podemos hacer ninguna cuenta""'}","[{'rel': 'alternate', 'type': 'text/html', 'href': 'http://www.clarin.com/economia/economia/cristiano-rattazzi-queja-repite-empresarios-inflacion-podemos-hacer-cuenta-_0_XpPsF9C9N.html'}, {'length': '0', 'type': 'image/jpg', 'href': 'https://images.clarin.com/2019/09/04/d3De-1o25_600x338__1.jpg', 'rel': 'enclosure'}]",http://www.clarin.com/economia/economia/cristiano-rattazzi-queja-repite-empresarios-inflacion-podemos-hacer-cuenta-_0_XpPsF9C9N.html,"El número uno de Fiat, Costantini, Perez Companc y Macciavello hablaron de impuestos, competitividad, exportaciones y empleo.","{'type': 'text/html', 'language': None, 'base': 'https://www.clarin.com/rss/lo-ultimo/', 'value': 'El número uno de Fiat, Costantini, Perez Companc y Macciavello hablaron de impuestos, competitividad, exportaciones y empleo.'}",http://www.clarin.com/economia/economia/cristiano-rattazzi-queja-repite-empresarios-inflacion-podemos-hacer-cuenta-_0_XpPsF9C9N.html,False,"Wed, 04 Sep 2019 14:21:32 -0300","time.struct_time(tm_year=2019, tm_mon=9, tm_mday=4, tm_hour=17, tm_min=21, tm_sec=32, tm_wday=2, tm_yday=247, tm_isdst=0)",[{'name': 'Clarin.com'}],Clarin.com,{'name': 'Clarin.com'}
3,"Mientras sigue el ""éxodo"" de las prepagas, hay polémica sobre cómo se calculan los aumentos","{'type': 'text/plain', 'language': None, 'base': 'https://www.clarin.com/rss/lo-ultimo/', 'value': 'Mientras sigue el ""éxodo"" de las prepagas, hay polémica sobre cómo se calculan los aumentos'}","[{'rel': 'alternate', 'type': 'text/html', 'href': 'http://www.clarin.com/sociedad/sigue-exodo-prepagas-polemica-calculan-aumentos_0_-Ev6aTdab.html'}, {'length': '0', 'type': 'image/jpg', 'href': 'https://images.clarin.com/2019/09/03/9Fdv_6Sb-_600x338__1.jpg', 'rel': 'enclosure'}]",http://www.clarin.com/sociedad/sigue-exodo-prepagas-polemica-calculan-aumentos_0_-Ev6aTdab.html,Fuentes del sector estiman una baja de afiliados de entre el 10% y el 20% en 3 años. Desde el Estado admiten defectos en la forma de evaluar las subas. Y desde las empresas dicen que las cuotas deberían ser aún más caras.,"{'type': 'text/html', 'language': None, 'base': 'https://www.clarin.com/rss/lo-ultimo/', 'value': 'Fuentes del sector estiman una baja de afiliados de entre el 10% y el 20% en 3 años. Desde el Estado admiten defectos en la forma de evaluar las subas. Y desde las empresas dicen que las cuotas deberían ser aún más caras.'}",http://www.clarin.com/sociedad/sigue-exodo-prepagas-polemica-calculan-aumentos_0_-Ev6aTdab.html,False,"Wed, 04 Sep 2019 14:16:02 -0300","time.struct_time(tm_year=2019, tm_mon=9, tm_mday=4, tm_hour=17, tm_min=16, tm_sec=2, tm_wday=2, tm_yday=247, tm_isdst=0)",[{'name': 'Clarin.com'}],Clarin.com,{'name': 'Clarin.com'}
4,"Irreversible: la película que vuelve a escandalizar, pero en una nueva versión","{'type': 'text/plain', 'language': None, 'base': 'https://www.clarin.com/rss/lo-ultimo/', 'value': 'Irreversible: la película que vuelve a escandalizar, pero en una nueva versión'}","[{'rel': 'alternate', 'type': 'text/html', 'href': 'http://www.clarin.com/espectaculos/cine/irreversible-pelicula-vuelve-escandalizar-nueva-version_0_ahJT-Nb4s.html'}, {'length': '0', 'type': 'image/jpg', 'href': 'https://images.clarin.com/2019/09/04/sJ5T4anMO_600x338__1.jpg', 'rel': 'enclosure'}]",http://www.clarin.com/espectaculos/cine/irreversible-pelicula-vuelve-escandalizar-nueva-version_0_ahJT-Nb4s.html,"El filme del argentino Gaspar Noé, con Mónica Bellucci y Vincent Cassel, despertó polémicas por la violencia sexual, como hace casi dos décadas. Aunque ahora su narración es al revés que la original.","{'type': 'text/html', 'language': None, 'base': 'https://www.clarin.com/rss/lo-ultimo/', 'value': 'El filme del argentino Gaspar Noé, con Mónica Bellucci y Vincent Cassel, despertó polémicas por la violencia sexual, como hace casi dos décadas. Aunque ahora su narración es al revés que la original.'}",http://www.clarin.com/espectaculos/cine/irreversible-pelicula-vuelve-escandalizar-nueva-version_0_ahJT-Nb4s.html,False,"Wed, 04 Sep 2019 14:11:57 -0300","time.struct_time(tm_year=2019, tm_mon=9, tm_mday=4, tm_hour=17, tm_min=11, tm_sec=57, tm_wday=2, tm_yday=247, tm_isdst=0)",[{'name': 'Clarin.com'}],Clarin.com,{'name': 'Clarin.com'}
5,Se conocieron escalofriantes detalles sobre el quíntuple asesinato cometido por un chico de 14 años,"{'type': 'text/plain', 'language': None, 'base': 'https://www.clarin.com/rss/lo-ultimo/', 'value': 'Se conocieron escalofriantes detalles sobre el quíntuple asesinato cometido por un chico de 14 años'}","[{'rel': 'alternate', 'type': 'text/html', 'href': 'http://www.clarin.com/sociedad/conocieron-escalofriantes-detalles-quintuple-asesinato-cometido-chico-14-anos_0_cKaRT0kA6.html'}, {'length': '0', 'type': 'image/jpg', 'href': 'https://images.clarin.com/2019/09/04/-whziCh3v_600x338__1.jpg', 'rel': 'enclosure'}]",http://www.clarin.com/sociedad/conocieron-escalofriantes-detalles-quintuple-asesinato-cometido-chico-14-anos_0_cKaRT0kA6.html,"El adolescente mató a balazos a su padre, a su madrastra y a sus tres hermanastros. Fue en un pueblo de apenas 500 habitantes.","{'type': 'text/html', 'language': None, 'base': 'https://www.clarin.com/rss/lo-ultimo/', 'value': 'El adolescente mató a balazos a su padre, a su madrastra y a sus tres hermanastros. Fue en un pueblo de apenas 500 habitantes.'}",http://www.clarin.com/sociedad/conocieron-escalofriantes-detalles-quintuple-asesinato-cometido-chico-14-anos_0_cKaRT0kA6.html,False,"Wed, 04 Sep 2019 14:09:44 -0300","time.struct_time(tm_year=2019, tm_mon=9, tm_mday=4, tm_hour=17, tm_min=9, tm_sec=44, tm_wday=2, tm_yday=247, tm_isdst=0)",[{'name': 'Clarin.com'}],Clarin.com,{'name': 'Clarin.com'}
6,Franco Cervi no llegará a Boca: Benfica lo anotó para jugar la Champions League,"{'type': 'text/plain', 'language': None, 'base': 'https://www.clarin.com/rss/lo-ultimo/', 'value': 'Franco Cervi no llegará a Boca: Benfica lo anotó para jugar la Champions League'}","[{'rel': 'alternate', 'type': 'text/html', 'href': 'http://www.clarin.com/deportes/cervi-no-jugara-en-boca-inscripto-champions-league-benfica_0_f-Kkz2eIq.html'}, {'length': '0', 'type': 'image/jpg', 'href': 'https://images.clarin.com/2019/09/04/FNUb6K68xu_600x338__1.jpg', 'rel': 'enclosure'}]",http://www.clarin.com/deportes/cervi-no-jugara-en-boca-inscripto-champions-league-benfica_0_f-Kkz2eIq.html,"El zurdo, vinculado en las últimas horas con el Xeneize, fue inscripto por el el club luso para la próxima edición de la Orejona. Final de la novela.","{'type': 'text/html', 'language': None, 'base': 'https://www.clarin.com/rss/lo-ultimo/', 'value': 'El zurdo, vinculado en las últimas horas con el Xeneize, fue inscripto por el el club luso para la próxima edición de la Orejona. Final de la novela.'}",http://www.clarin.com/deportes/cervi-no-jugara-en-boca-inscripto-champions-league-benfica_0_f-Kkz2eIq.html,False,"Wed, 04 Sep 2019 14:02:59 -0300","time.struct_time(tm_year=2019, tm_mon=9, tm_mday=4, tm_hour=17, tm_min=2, tm_sec=59, tm_wday=2, tm_yday=247, tm_isdst=0)",[{'name': 'Clarin.com'}],Clarin.com,{'name': 'Clarin.com'}
7,El Parlamento británico da un primer paso para bloquear un Brexit sin acuerdo,"{'type': 'text/plain', 'language': None, 'base': 'https://www.clarin.com/rss/lo-ultimo/', 'value': 'El Parlamento británico da un primer paso para bloquear un Brexit sin acuerdo'}","[{'rel': 'alternate', 'type': 'text/html', 'href': 'http://www.clarin.com/mundo/parlamento-britanico-da-primer-paso-bloquear-brexit-acuerdo_0_lboaFxAe1.html'}, {'length': '0', 'type': 'image/jpg', 'href': 'https://images.clarin.com/2019/09/04/OBDSEKPBl_600x338__1.jpg', 'rel': 'enclosure'}]",http://www.clarin.com/mundo/parlamento-britanico-da-primer-paso-bloquear-brexit-acuerdo_0_lboaFxAe1.html,"Con 329 votos a favor y 300 en contra, la Cámara de los Comunes dio un primer sí a una ley que obliga a Boris Johnson a pedir a la Unión Europea una prórroga del divorcio si no se llega a un acuerdo antes del 19 de octubre.","{'type': 'text/html', 'language': None, 'base': 'https://www.clarin.com/rss/lo-ultimo/', 'value': 'Con 329 votos a favor y 300 en contra, la Cámara de los Comunes dio un primer sí a una ley que obliga a Boris Johnson a pedir a la Unión Europea una prórroga del divorcio si no se llega a un acuerdo antes del 19 de octubre.'}",http://www.clarin.com/mundo/parlamento-britanico-da-primer-paso-bloquear-brexit-acuerdo_0_lboaFxAe1.html,False,"Wed, 04 Sep 2019 14:01:16 -0300","time.struct_time(tm_year=2019, tm_mon=9, tm_mday=4, tm_hour=17, tm_min=1, tm_sec=16, tm_wday=2, tm_yday=247, tm_isdst=0)",[{'name': 'Clarin.com'}],Clarin.com,{'name': 'Clarin.com'}
8,"El Papa Francisco ya está en Mozambique: en el avión habló sobre el ""complot"" contra su pontificado","{'type': 'text/plain', 'language': None, 'base': 'https://www.clarin.com/rss/lo-ultimo/', 'value': 'El Papa Francisco ya está en Mozambique: en el avión habló sobre el ""complot"" contra su pontificado'}","[{'rel': 'alternate', 'type': 'text/html', 'href': 'http://www.clarin.com/mundo/papa-francisco-mozambique-avion-hablo-complot-pontificado_0_zJNBHwqCy.html'}, {'length': '0', 'type': 'image/jpg', 'href': 'https://images.clarin.com/2019/09/04/u5K2nU5mS_600x338__1.jpg', 'rel': 'enclosure'}]",http://www.clarin.com/mundo/papa-francisco-mozambique-avion-hablo-complot-pontificado_0_zJNBHwqCy.html,"Se refirió a un libro que trata sobre los planes en EE.UU. para anular su papado. ""Es una bomba"", dijo.","{'type': 'text/html', 'language': None, 'base': 'https://www.clarin.com/rss/lo-ultimo/', 'value': 'Se refirió a un libro que trata sobre los planes en EE.UU. para anular su papado. ""Es una bomba"", dijo.'}",http://www.clarin.com/mundo/papa-francisco-mozambique-avion-hablo-complot-pontificado_0_zJNBHwqCy.html,False,"Wed, 04 Sep 2019 13:59:53 -0300","time.struct_time(tm_year=2019, tm_mon=9, tm_mday=4, tm_hour=16, tm_min=59, tm_sec=53, tm_wday=2, tm_yday=247, tm_isdst=0)",[{'name': 'Clarin.com'}],Clarin.com,{'name': 'Clarin.com'}
9,"""Las granjas son campos de concentración"": escándalo entre la mujer vegana defensora de gallinas y un productor avícola","{'type': 'text/plain', 'language': None, 'base': 'https://www.clarin.com/rss/lo-ultimo/', 'value': '""Las granjas son campos de concentración"": escándalo entre la mujer vegana defensora de gallinas y un productor avícola'}","[{'rel': 'alternate', 'type': 'text/html', 'href': 'http://www.clarin.com/viste/-granjas-campos-concentracion-escandalo-mujer-vegana-defensora-gallinas-productor-avicola_0_Dszu3kZRE.html'}, {'length': '0', 'type': 'image/jpg', 'href': 'https://images.clarin.com/2019/09/04/kMOga9Km-_600x338__1.jpg', 'rel': 'enclosure'}]",http://www.clarin.com/viste/-granjas-campos-concentracion-escandalo-mujer-vegana-defensora-gallinas-productor-avicola_0_Dszu3kZRE.html,Un nuevo round se produjo en televisión sobre la polémica por el santuario animal.,"{'type': 'text/html', 'language': None, 'base': 'https://www.clarin.com/rss/lo-ultimo/', 'value': 'Un nuevo round se produjo en televisión sobre la polémica por el santuario animal.'}",http://www.clarin.com/viste/-granjas-campos-concentracion-escandalo-mujer-vegana-defensora-gallinas-productor-avicola_0_Dszu3kZRE.html,False,"Wed, 04 Sep 2019 13:50:50 -0300","time.struct_time(tm_year=2019, tm_mon=9, tm_mday=4, tm_hour=16, tm_min=50, tm_sec=50, tm_wday=2, tm_yday=247, tm_isdst=0)",[{'name': 'Clarin.com'}],Clarin.com,{'name': 'Clarin.com'}
0,"Miguel Ángel Pichetto sobre la reforma agraria de Juan Grabois: ""Son expresiones estúpidas""","{'type': 'text/plain', 'language': None, 'base': 'https://www.clarin.com/rss/politica/', 'value': 'Miguel Ángel Pichetto sobre la reforma agraria de Juan Grabois: ""Son expresiones estúpidas""'}","[{'rel': 'alternate', 'type': 'text/html', 'href': 'http://www.clarin.com/politica/miguel-angel-pichetto-reforma-agraria-juan-grabois-expresiones-estupidas-_0_29I2YjVIv.html'}, {'length': '0', 'type': 'image/jpg', 'href': 'https://images.clarin.com/2019/09/04/pSg_BWQBx_600x338__1.jpg', 'rel': 'enclosure'}]",http://www.clarin.com/politica/miguel-angel-pichetto-reforma-agraria-juan-grabois-expresiones-estupidas-_0_29I2YjVIv.html,El candidato a vicepresidente de Macri habló en Rosario y criticó también a Felipe Solá por su idea de reponer la Junta Nacional de Granos.,"{'type': 'text/html', 'language': None, 'base': 'https://www.clarin.com/rss/politica/', 'value': 'El candidato a vicepresidente de Macri habló en Rosario y criticó también a Felipe Solá por su idea de reponer la Junta Nacional de Granos.'}",http://www.clarin.com/politica/miguel-angel-pichetto-reforma-agraria-juan-grabois-expresiones-estupidas-_0_29I2YjVIv.html,False,"Wed, 04 Sep 2019 13:35:45 -0300","time.struct_time(tm_year=2019, tm_mon=9, tm_mday=4, tm_hour=16, tm_min=35, tm_sec=45, tm_wday=2, tm_yday=247, tm_isdst=0)",[{'name': 'Clarin.com'}],Clarin.com,{'name': 'Clarin.com'}
1,"Según un líder gremialista, los petroleros de Vaca Muerta votarán a los Fernández","{'type': 'text/plain', 'language': None, 'base': 'https://www.clarin.com/rss/politica/', 'value': 'Según un líder gremialista, los petroleros de Vaca Muerta votarán a los Fernández'}","[{'rel': 'alternate', 'type': 'text/html', 'href': 'http://www.clarin.com/politica/lider-gremialista-petroleros-vaca-muerta-votaran-fernandez_0_54JoVJdu_.html'}, {'length': '0', 'type': 'image/jpg', 'href': 'https://images.clarin.com/2019/02/05/YHHXM38Df_600x338__1.jpg', 'rel': 'enclosure'}]",http://www.clarin.com/politica/lider-gremialista-petroleros-vaca-muerta-votaran-fernandez_0_54JoVJdu_.html,"Guillermo Pereyra, que busca renovar su banca, anunció que los trabajadores del sector decidieron apoyar la fórmula K.","{'type': 'text/html', 'language': None, 'base': 'https://www.clarin.com/rss/politica/', 'value': 'Guillermo Pereyra, que busca renovar su banca, anunció que los trabajadores del sector decidieron apoyar la fórmula K.'}",http://www.clarin.com/politica/lider-gremialista-petroleros-vaca-muerta-votaran-fernandez_0_54JoVJdu_.html,False,"Wed, 04 Sep 2019 13:20:46 -0300","time.struct_time(tm_year=2019, tm_mon=9, tm_mday=4, tm_hour=16, tm_min=20, tm_sec=46, tm_wday=2, tm_yday=247, tm_isdst=0)",[{'name': 'Clarin.com'}],Clarin.com,{'name': 'Clarin.com'}
2,"Ante empresarios, Mauricio Macri habló de las medidas económicas: ""No nos gustan y solo se justifican en la emergencia""","{'type': 'text/plain', 'language': None, 'base': 'https://www.clarin.com/rss/politica/', 'value': 'Ante empresarios, Mauricio Macri habló de las medidas económicas: ""No nos gustan y solo se justifican en la emergencia""'}","[{'rel': 'alternate', 'type': 'text/html', 'href': 'http://www.clarin.com/politica/empresarios-mauricio-macri-hablo-medidas-economicas-gustan-solo-justifican-emergencia-_0_liKWLNyDK.html'}, {'length': '0', 'type': 'image/jpg', 'href': 'https://images.clarin.com/2019/09/04/-_nKxcjI7_600x338__1.jpg', 'rel': 'enclosure'}]",http://www.clarin.com/politica/empresarios-mauricio-macri-hablo-medidas-economicas-gustan-solo-justifican-emergencia-_0_liKWLNyDK.html,"El Presidente habló en el cierre de una jornada organizada por la Asociación Empresaria Argentina. Reiteró el llamado al ""consenso"".","{'type': 'text/html', 'language': None, 'base': 'https://www.clarin.com/rss/politica/', 'value': 'El Presidente habló en el cierre de una jornada organizada por la Asociación Empresaria Argentina. Reiteró el llamado al ""consenso"".'}",http://www.clarin.com/politica/empresarios-mauricio-macri-hablo-medidas-economicas-gustan-solo-justifican-emergencia-_0_liKWLNyDK.html,False,"Wed, 04 Sep 2019 13:15:53 -0300","time.struct_time(tm_year=2019, tm_mon=9, tm_mday=4, tm_hour=16, tm_min=15, tm_sec=53, tm_wday=2, tm_yday=247, tm_isdst=0)",[{'name': 'Clarin.com'}],Clarin.com,{'name': 'Clarin.com'}
3,"Emilio Pérsico se sumó a Juan Grabois y pidió una reforma agraria: ""Cuando se expropian tierras para Puerto Madero es una gran herramienta, ¿no?""","{'type': 'text/plain', 'language': None, 'base': 'https://www.clarin.com/rss/politica/', 'value': 'Emilio Pérsico se sumó a Juan Grabois y pidió una reforma agraria: ""Cuando se expropian tierras para Puerto Madero es una gran herramienta, ¿no?""'}","[{'rel': 'alternate', 'type': 'text/html', 'href': 'http://www.clarin.com/politica/emilio-persico-sumo-juan-grabois-pidio-reforma-agraria-expropian-tierras-puerto-madero-gran-herramienta-_0_FVD_6qrXa.html'}, {'length': '0', 'type': 'image/jpg', 'href': 'https://images.clarin.com/2019/09/04/vzn-Qo908_600x338__1.jpg', 'rel': 'enclosure'}]",http://www.clarin.com/politica/emilio-persico-sumo-juan-grabois-pidio-reforma-agraria-expropian-tierras-puerto-madero-gran-herramienta-_0_FVD_6qrXa.html,"El dirigente y ex funcionario kirchnerista le reclamó al Gobierno imitar los casos de Estados Unidos y Brasil. ""Argentina no puede tener hambre"", insistió.","{'type': 'text/html', 'language': None, 'base': 'https://www.clarin.com/rss/politica/', 'value': 'El dirigente y ex funcionario kirchnerista le reclamó al Gobierno imitar los casos de Estados Unidos y Brasil. ""Argentina no puede tener hambre"", insistió.'}",http://www.clarin.com/politica/emilio-persico-sumo-juan-grabois-pidio-reforma-agraria-expropian-tierras-puerto-madero-gran-herramienta-_0_FVD_6qrXa.html,False,"Wed, 04 Sep 2019 12:40:48 -0300","time.struct_time(tm_year=2019, tm_mon=9, tm_mday=4, tm_hour=15, tm_min=40, tm_sec=48, tm_wday=2, tm_yday=247, tm_isdst=0)",[{'name': 'Clarin.com'}],Clarin.com,{'name': 'Clarin.com'}
4,María Eugenia Vidal tendrá su propia plaza de apoyo el día de su cumpleaños,"{'type': 'text/plain', 'language': None, 'base': 'https://www.clarin.com/rss/politica/', 'value': 'María Eugenia Vidal tendrá su propia plaza de apoyo el día de su cumpleaños'}","[{'rel': 'alternate', 'type': 'text/html', 'href': 'http://www.clarin.com/politica/maria-eugenia-vidal-propia-plaza-apoyo-dia-cumpleanos_0_HCeXRmhBz.html'}, {'length': '0', 'type': 'image/jpg', 'href': 'https://images.clarin.com/2019/08/08/Ijtx91EWr_600x338__1.jpg', 'rel': 'enclosure'}]",http://www.clarin.com/politica/maria-eugenia-vidal-propia-plaza-apoyo-dia-cumpleanos_0_HCeXRmhBz.html,"""No la dejemos sola"", es una de las frases de la convocatoria que se agita por las redes para el domingo.","{'type': 'text/html', 'language': None, 'base': 'https://www.clarin.com/rss/politica/', 'value': '""No la dejemos sola"", es una de las frases de la convocatoria que se agita por las redes para el domingo.'}",http://www.clarin.com/politica/maria-eugenia-vidal-propia-plaza-apoyo-dia-cumpleanos_0_HCeXRmhBz.html,False,"Wed, 04 Sep 2019 12:24:18 -0300","time.struct_time(tm_year=2019, tm_mon=9, tm_mday=4, tm_hour=15, tm_min=24, tm_sec=18, tm_wday=2, tm_yday=247, tm_isdst=0)",[{'name': 'Clarin.com'}],Clarin.com,{'name': 'Clarin.com'}
5,"Para forzar un balotaje, Mauricio Macri debe sumar 18.602 votos por día (o caerse Alberto Fernández)","{'type': 'text/plain', 'language': None, 'base': 'https://www.clarin.com/rss/politica/', 'value': 'Para forzar un balotaje, Mauricio Macri debe sumar 18.602 votos por día (o caerse Alberto Fernández)'}","[{'rel': 'alternate', 'type': 'text/html', 'href': 'http://www.clarin.com/politica/forzar-balotaje-mauricio-macri-debe-sumar-18-602-votos-dia-caerse-alberto-fernandez-_0_RjccUIhwL.html'}, {'length': '0', 'type': 'image/jpg', 'href': 'https://images.clarin.com/2019/08/25/-baJDMhUa_600x338__1.jpg', 'rel': 'enclosure'}]",http://www.clarin.com/politica/forzar-balotaje-mauricio-macri-debe-sumar-18-602-votos-dia-caerse-alberto-fernandez-_0_RjccUIhwL.html,El Presidente tiene que evitar que el candidato K llegue al 45% y quedar a menos de 10 puntos. Para el oficialismo es clave que aumente la participación respecto a las PASO.,"{'type': 'text/html', 'language': None, 'base': 'https://www.clarin.com/rss/politica/', 'value': 'El Presidente tiene que evitar que el candidato K llegue al 45% y quedar a menos de 10 puntos. Para el oficialismo es clave que aumente la participación respecto a las PASO.'}",http://www.clarin.com/politica/forzar-balotaje-mauricio-macri-debe-sumar-18-602-votos-dia-caerse-alberto-fernandez-_0_RjccUIhwL.html,False,"Wed, 04 Sep 2019 11:55:17 -0300","time.struct_time(tm_year=2019, tm_mon=9, tm_mday=4, tm_hour=14, tm_min=55, tm_sec=17, tm_wday=2, tm_yday=247, tm_isdst=0)",[{'name': 'Clarin.com'}],Clarin.com,{'name': 'Clarin.com'}
6,"El consejo de Ramón Puerta a Mauricio Macri: ""Peronizar la campaña le va a dar muchos votos""","{'type': 'text/plain', 'language': None, 'base': 'https://www.clarin.com/rss/politica/', 'value': 'El consejo de Ramón Puerta a Mauricio Macri: ""Peronizar la campaña le va a dar muchos votos""'}","[{'rel': 'alternate', 'type': 'text/html', 'href': 'http://www.clarin.com/politica/consejo-ramon-puerta-mauricio-macri-peronizar-campana-va-dar-votos-_0_CdVhilP9M.html'}, {'length': '0', 'type': 'image/jpg', 'href': 'https://images.clarin.com/2019/09/04/YrFAHb87p_600x338__1.jpg', 'rel': 'enclosure'}]",http://www.clarin.com/politica/consejo-ramon-puerta-mauricio-macri-peronizar-campana-va-dar-votos-_0_CdVhilP9M.html,El embajador argentino en España confía en revertir los resultados de las PASO y llegar al balotaje. No descartó reunirse con Alberto Fernández.,"{'type': 'text/html', 'language': None, 'base': 'https://www.clarin.com/rss/politica/', 'value': 'El embajador argentino en España confía en revertir los resultados de las PASO y llegar al balotaje. No descartó reunirse con Alberto Fernández.'}",http://www.clarin.com/politica/consejo-ramon-puerta-mauricio-macri-peronizar-campana-va-dar-votos-_0_CdVhilP9M.html,False,"Wed, 04 Sep 2019 10:55:23 -0300","time.struct_time(tm_year=2019, tm_mon=9, tm_mday=4, tm_hour=13, tm_min=55, tm_sec=23, tm_wday=2, tm_yday=247, tm_isdst=0)",[{'name': 'Clarin.com'}],Clarin.com,{'name': 'Clarin.com'}
7,Alberto Fernández en España: la convivencia PJ-La Cámpora y el pedido de la jefa del Santander,"{'type': 'text/plain', 'language': None, 'base': 'https://www.clarin.com/rss/politica/', 'value': 'Alberto Fernández en España: la convivencia PJ-La Cámpora y el pedido de la jefa del Santander'}","[{'rel': 'alternate', 'type': 'text/html', 'href': 'http://www.clarin.com/politica/alberto-fernandez-espana-convivencia-pj-campora-pedido-jefa-santander_0_R4WneldjX.html'}, {'length': '0', 'type': 'image/jpg', 'href': 'https://images.clarin.com/2019/09/03/QrBaDFJyV_600x338__1.jpg', 'rel': 'enclosure'}]",http://www.clarin.com/politica/alberto-fernandez-espana-convivencia-pj-campora-pedido-jefa-santander_0_R4WneldjX.html,"El candidato habló con Clarín de un futuro gobierno. Este miércoles, reuniones con empresarios.","{'type': 'text/html', 'language': None, 'base': 'https://www.clarin.com/rss/politica/', 'value': 'El candidato habló con Clarín de un futuro gobierno. Este miércoles, reuniones con empresarios.'}",http://www.clarin.com/politica/alberto-fernandez-espana-convivencia-pj-campora-pedido-jefa-santander_0_R4WneldjX.html,False,"Wed, 04 Sep 2019 10:36:09 -0300","time.struct_time(tm_year=2019, tm_mon=9, tm_mday=4, tm_hour=13, tm_min=36, tm_sec=9, tm_wday=2, tm_yday=247, tm_isdst=0)",[{'name': 'Clarin.com'}],Clarin.com,{'name': 'Clarin.com'}
8,Petroleros despejaron a los golpes una ruta cortada por docentes en Chubut,"{'type': 'text/plain', 'language': None, 'base': 'https://www.clarin.com/rss/politica/', 'value': 'Petroleros despejaron a los golpes una ruta cortada por docentes en Chubut'}","[{'rel': 'alternate', 'type': 'text/html', 'href': 'http://www.clarin.com/politica/petroleros-despejaron-golpes-ruta-cortada-docentes-chubut_0_xGylNOGbi.html'}, {'length': '0', 'type': 'image/jpg', 'href': 'https://images.clarin.com/2019/09/04/a5mkCsCT4_600x338__1.jpg', 'rel': 'enclosure'}]",http://www.clarin.com/politica/petroleros-despejaron-golpes-ruta-cortada-docentes-chubut_0_xGylNOGbi.html,"Jorge Ávila, líder del sindicato, había advertido horas antes que iban a ""pasar por arriba de los piquetes"".","{'type': 'text/html', 'language': None, 'base': 'https://www.clarin.com/rss/politica/', 'value': 'Jorge Ávila, líder del sindicato, había advertido horas antes que iban a ""pasar por arriba de los piquetes"".'}",http://www.clarin.com/politica/petroleros-despejaron-golpes-ruta-cortada-docentes-chubut_0_xGylNOGbi.html,False,"Wed, 04 Sep 2019 10:21:03 -0300","time.struct_time(tm_year=2019, tm_mon=9, tm_mday=4, tm_hour=13, tm_min=21, tm_sec=3, tm_wday=2, tm_yday=247, tm_isdst=0)",[{'name': 'Clarin.com'}],Clarin.com,{'name': 'Clarin.com'}
9,"Es falso que la reforma laboral propuesta por el Gobierno ""permite que un empleado pueda ser despedido sin indemnización alguna""","{'type': 'text/plain', 'language': None, 'base': 'https://www.clarin.com/rss/politica/', 'value': 'Es falso que la reforma laboral propuesta por el Gobierno ""permite que un empleado pueda ser despedido sin indemnización alguna""'}","[{'rel': 'alternate', 'type': 'text/html', 'href': 'http://www.clarin.com/politica/reverso-falso-reforma-laboral-propuesta-gobierno-permite-empleado-pueda-despedido-indemnizacion-alguna-_0_PFh53jbZ2.html'}, {'length': '0', 'type': 'image/jpg', 'href': 'https://images.clarin.com/2019/09/04/OhCcjtUaC_600x338__1.jpg', 'rel': 'enclosure'}]",http://www.clarin.com/politica/reverso-falso-reforma-laboral-propuesta-gobierno-permite-empleado-pueda-despedido-indemnizacion-alguna-_0_PFh53jbZ2.html,"Esta nota es parte de Reverso, el proyecto periodístico colaborativo que une a Clarín y más de 100 medios en la lucha contra la desinformación.","{'type': 'text/html', 'language': None, 'base': 'https://www.clarin.com/rss/politica/', 'value': 'Esta nota es parte de Reverso, el proyecto periodístico colaborativo que une a Clarín y más de 100 medios en la lucha contra la desinformación.'}",http://www.clarin.com/politica/reverso-falso-reforma-laboral-propuesta-gobierno-permite-empleado-pueda-despedido-indemnizacion-alguna-_0_PFh53jbZ2.html,False,"Wed, 04 Sep 2019 10:10:40 -0300","time.struct_time(tm_year=2019, tm_mon=9, tm_mday=4, tm_hour=13, tm_min=10, tm_sec=40, tm_wday=2, tm_yday=247, tm_isdst=0)",[{'name': 'Clarin.com'}],Clarin.com,{'name': 'Clarin.com'}
0,Se conocieron escalofriantes detalles sobre el quíntuple asesinato cometido por un chico de 14 años,"{'type': 'text/plain', 'language': None, 'base': 'https://www.clarin.com/rss/mundo/', 'value': 'Se conocieron escalofriantes detalles sobre el quíntuple asesinato cometido por un chico de 14 años'}","[{'rel': 'alternate', 'type': 'text/html', 'href': 'http://www.clarin.com/sociedad/conocieron-escalofriantes-detalles-quintuple-asesinato-cometido-chico-14-anos_0_cKaRT0kA6.html'}, {'length': '0', 'type': 'image/jpg', 'href': 'https://images.clarin.com/2019/09/04/-whziCh3v_600x338__1.jpg', 'rel': 'enclosure'}]",http://www.clarin.com/sociedad/conocieron-escalofriantes-detalles-quintuple-asesinato-cometido-chico-14-anos_0_cKaRT0kA6.html,"El adolescente mató a balazos a su padre, a su madrastra y a sus tres hermanastros. Fue en un pueblo de apenas 500 habitantes.","{'type': 'text/html', 'language': None, 'base': 'https://www.clarin.com/rss/mundo/', 'value': 'El adolescente mató a balazos a su padre, a su madrastra y a sus tres hermanastros. Fue en un pueblo de apenas 500 habitantes.'}",http://www.clarin.com/sociedad/conocieron-escalofriantes-detalles-quintuple-asesinato-cometido-chico-14-anos_0_cKaRT0kA6.html,False,"Wed, 04 Sep 2019 14:09:44 -0300","time.struct_time(tm_year=2019, tm_mon=9, tm_mday=4, tm_hour=17, tm_min=9, tm_sec=44, tm_wday=2, tm_yday=247, tm_isdst=0)",[{'name': 'Clarin.com'}],Clarin.com,{'name': 'Clarin.com'}
1,El Parlamento británico da un primer paso para bloquear un Brexit sin acuerdo,"{'type': 'text/plain', 'language': None, 'base': 'https://www.clarin.com/rss/mundo/', 'value': 'El Parlamento británico da un primer paso para bloquear un Brexit sin acuerdo'}","[{'rel': 'alternate', 'type': 'text/html', 'href': 'http://www.clarin.com/mundo/parlamento-britanico-da-primer-paso-bloquear-brexit-acuerdo_0_lboaFxAe1.html'}, {'length': '0', 'type': 'image/jpg', 'href': 'https://images.clarin.com/2019/09/04/OBDSEKPBl_600x338__1.jpg', 'rel': 'enclosure'}]",http://www.clarin.com/mundo/parlamento-britanico-da-primer-paso-bloquear-brexit-acuerdo_0_lboaFxAe1.html,"Con 329 votos a favor y 300 en contra, la Cámara de los Comunes dio un primer sí a una ley que obliga a Boris Johnson a pedir a la Unión Europea una prórroga del divorcio si no se llega a un acuerdo antes del 19 de octubre.","{'type': 'text/html', 'language': None, 'base': 'https://www.clarin.com/rss/mundo/', 'value': 'Con 329 votos a favor y 300 en contra, la Cámara de los Comunes dio un primer sí a una ley que obliga a Boris Johnson a pedir a la Unión Europea una prórroga del divorcio si no se llega a un acuerdo antes del 19 de octubre.'}",http://www.clarin.com/mundo/parlamento-britanico-da-primer-paso-bloquear-brexit-acuerdo_0_lboaFxAe1.html,False,"Wed, 04 Sep 2019 14:01:16 -0300","time.struct_time(tm_year=2019, tm_mon=9, tm_mday=4, tm_hour=17, tm_min=1, tm_sec=16, tm_wday=2, tm_yday=247, tm_isdst=0)",[{'name': 'Clarin.com'}],Clarin.com,{'name': 'Clarin.com'}
2,"El Papa Francisco ya está en Mozambique: en el avión habló sobre el ""complot"" contra su pontificado","{'type': 'text/plain', 'language': None, 'base': 'https://www.clarin.com/rss/mundo/', 'value': 'El Papa Francisco ya está en Mozambique: en el avión habló sobre el ""complot"" contra su pontificado'}","[{'rel': 'alternate', 'type': 'text/html', 'href': 'http://www.clarin.com/mundo/papa-francisco-mozambique-avion-hablo-complot-pontificado_0_zJNBHwqCy.html'}, {'length': '0', 'type': 'image/jpg', 'href': 'https://images.clarin.com/2019/09/04/u5K2nU5mS_600x338__1.jpg', 'rel': 'enclosure'}]",http://www.clarin.com/mundo/papa-francisco-mozambique-avion-hablo-complot-pontificado_0_zJNBHwqCy.html,"Se refirió a un libro que trata sobre los planes en EE.UU. para anular su papado. ""Es una bomba"", dijo.","{'type': 'text/html', 'language': None, 'base': 'https://www.clarin.com/rss/mundo/', 'value': 'Se refirió a un libro que trata sobre los planes en EE.UU. para anular su papado. ""Es una bomba"", dijo.'}",http://www.clarin.com/mundo/papa-francisco-mozambique-avion-hablo-complot-pontificado_0_zJNBHwqCy.html,False,"Wed, 04 Sep 2019 13:59:53 -0300","time.struct_time(tm_year=2019, tm_mon=9, tm_mday=4, tm_hour=16, tm_min=59, tm_sec=53, tm_wday=2, tm_yday=247, tm_isdst=0)",[{'name': 'Clarin.com'}],Clarin.com,{'name': 'Clarin.com'}
3,Giuseppe Conte ya armó su gabinete en Italia: Luigi Di Maio será canciller,"{'type': 'text/plain', 'language': None, 'base': 'https://www.clarin.com/rss/mundo/', 'value': 'Giuseppe Conte ya armó su gabinete en Italia: Luigi Di Maio será canciller'}","[{'rel': 'alternate', 'type': 'text/html', 'href': 'http://www.clarin.com/mundo/giuseppe-conte-armo-gabinete-italia-luigi-di-maio-canciller_0_opvxZp_6b.html'}, {'length': '0', 'type': 'image/jpg', 'href': 'https://images.clarin.com/2019/09/04/-WcjJtm6s_600x338__1.jpg', 'rel': 'enclosure'}]",http://www.clarin.com/mundo/giuseppe-conte-armo-gabinete-italia-luigi-di-maio-canciller_0_opvxZp_6b.html,"El premier y sus 21 ministros jurarán este jueves ante el presidente Sergio Mattarella. Diez de ellos son del Movimiento 5 Estrellas, 9 del Partido Democrático y dos independientes.","{'type': 'text/html', 'language': None, 'base': 'https://www.clarin.com/rss/mundo/', 'value': 'El premier y sus 21 ministros jurarán este jueves ante el presidente Sergio Mattarella. Diez de ellos son del Movimiento 5 Estrellas, 9 del Partido Democrático y dos independientes.'}",http://www.clarin.com/mundo/giuseppe-conte-armo-gabinete-italia-luigi-di-maio-canciller_0_opvxZp_6b.html,False,"Wed, 04 Sep 2019 12:45:20 -0300","time.struct_time(tm_year=2019, tm_mon=9, tm_mday=4, tm_hour=15, tm_min=45, tm_sec=20, tm_wday=2, tm_yday=247, tm_isdst=0)",[{'name': 'Clarin.com'}],Clarin.com,{'name': 'Clarin.com'}
4,"El ex FARC, Iván Márquez, ahora anuncia en nuevo video un ""movimiento político""","{'type': 'text/plain', 'language': None, 'base': 'https://www.clarin.com/rss/mundo/', 'value': 'El ex FARC, Iván Márquez, ahora anuncia en nuevo video un ""movimiento político""'}","[{'rel': 'alternate', 'type': 'text/html', 'href': 'http://www.clarin.com/mundo/ex-farc-ivan-marquez-ahora-anuncia-nuevo-video-movimiento-politico-_0_j8_SZDWGL.html'}, {'length': '0', 'type': 'image/jpg', 'href': 'https://images.clarin.com/2019/09/04/76Jf9Nf6g_600x338__1.jpg', 'rel': 'enclosure'}]",http://www.clarin.com/mundo/ex-farc-ivan-marquez-ahora-anuncia-nuevo-video-movimiento-politico-_0_j8_SZDWGL.html,Dijo que operará en la clandestinidad. La semana pasada había anunciado el regreso a las armas.,"{'type': 'text/html', 'language': None, 'base': 'https://www.clarin.com/rss/mundo/', 'value': 'Dijo que operará en la clandestinidad. La semana pasada había anunciado el regreso a las armas.'}",http://www.clarin.com/mundo/ex-farc-ivan-marquez-ahora-anuncia-nuevo-video-movimiento-politico-_0_j8_SZDWGL.html,False,"Wed, 04 Sep 2019 12:35:46 -0300","time.struct_time(tm_year=2019, tm_mon=9, tm_mday=4, tm_hour=15, tm_min=35, tm_sec=46, tm_wday=2, tm_yday=247, tm_isdst=0)",[{'name': 'Clarin.com'}],Clarin.com,{'name': 'Clarin.com'}
5,"Revés para Nicolás Maduro: por el bloqueo de Estados Unidos, una petrolera china deja de producir en Venezuela","{'type': 'text/plain', 'language': None, 'base': 'https://www.clarin.com/rss/mundo/', 'value': 'Revés para Nicolás Maduro: por el bloqueo de Estados Unidos, una petrolera china deja de producir en Venezuela'}","[{'rel': 'alternate', 'type': 'text/html', 'href': 'http://www.clarin.com/mundo/reves-nicolas-maduro-sanciones-unidos-petrolera-china-deja-producir-venezuela_0_oS-dYSGRA.html'}, {'length': '0', 'type': 'image/jpg', 'href': 'https://images.clarin.com/2019/09/04/-PeuQx_yD_600x338__1.jpg', 'rel': 'enclosure'}]",http://www.clarin.com/mundo/reves-nicolas-maduro-sanciones-unidos-petrolera-china-deja-producir-venezuela_0_oS-dYSGRA.html,"Es la empresa CNPC, uno de los principales socios de la estatal venezolana PDVSA. Busca así evitar sanciones del gobierno de Donald Trump.","{'type': 'text/html', 'language': None, 'base': 'https://www.clarin.com/rss/mundo/', 'value': 'Es la empresa CNPC, uno de los principales socios de la estatal venezolana PDVSA. Busca así evitar sanciones del gobierno de Donald Trump.'}",http://www.clarin.com/mundo/reves-nicolas-maduro-sanciones-unidos-petrolera-china-deja-producir-venezuela_0_oS-dYSGRA.html,False,"Wed, 04 Sep 2019 12:10:55 -0300","time.struct_time(tm_year=2019, tm_mon=9, tm_mday=4, tm_hour=15, tm_min=10, tm_sec=55, tm_wday=2, tm_yday=247, tm_isdst=0)",[{'name': 'Clarin.com'}],Clarin.com,{'name': 'Clarin.com'}
6,Día clave en el Parlamento británico para el futuro de Boris Johnson y el Brexit,"{'type': 'text/plain', 'language': None, 'base': 'https://www.clarin.com/rss/mundo/', 'value': 'Día clave en el Parlamento británico para el futuro de Boris Johnson y el Brexit'}","[{'rel': 'alternate', 'type': 'text/html', 'href': 'http://www.clarin.com/mundo/dia-clave-parlamento-britanico-futuro-boris-johnson-brexit_0_LiFrUXqt-.html'}, {'length': '0', 'type': 'image/jpg', 'href': 'https://images.clarin.com/2019/09/04/c9XAD8RTi_600x338__1.jpg', 'rel': 'enclosure'}]",http://www.clarin.com/mundo/dia-clave-parlamento-britanico-futuro-boris-johnson-brexit_0_LiFrUXqt-.html,Los diputados buscarán aprobar una norma para que el primer ministro pida a la Unión Europea una postergación de la salida del Reino. Y votarán contra su plan de elecciones anticipadas.,"{'type': 'text/html', 'language': None, 'base': 'https://www.clarin.com/rss/mundo/', 'value': 'Los diputados buscarán aprobar una norma para que el primer ministro pida a la Unión Europea una postergación de la salida del Reino. Y votarán contra su plan de elecciones anticipadas.'}",http://www.clarin.com/mundo/dia-clave-parlamento-britanico-futuro-boris-johnson-brexit_0_LiFrUXqt-.html,False,"Wed, 04 Sep 2019 11:35:02 -0300","time.struct_time(tm_year=2019, tm_mon=9, tm_mday=4, tm_hour=14, tm_min=35, tm_sec=2, tm_wday=2, tm_yday=247, tm_isdst=0)",[{'name': 'Clarin.com'}],Clarin.com,{'name': 'Clarin.com'}
7,"Entrevista a Ivanka Trump: ""Estados Unidos y Argentina son amigos y fuertes socios económicos""","{'type': 'text/plain', 'language': None, 'base': 'https://www.clarin.com/rss/mundo/', 'value': 'Entrevista a Ivanka Trump: ""Estados Unidos y Argentina son amigos y fuertes socios económicos""'}","[{'rel': 'alternate', 'type': 'text/html', 'href': 'http://www.clarin.com/mundo/entrevista-ivanka-trump-unidos-argentina-amigos-fuertes-socios-economicos-_0_ohOsc6bn8.html'}, {'length': '0', 'type': 'image/jpg', 'href': 'https://images.clarin.com/2019/09/04/aCW2HWzXU_600x338__1.jpg', 'rel': 'enclosure'}]",http://www.clarin.com/mundo/entrevista-ivanka-trump-unidos-argentina-amigos-fuertes-socios-economicos-_0_ohOsc6bn8.html,La hija del presidente de EE.UU. respondió por email preguntas de Clarín antes de viajar a nuestro país.,"{'type': 'text/html', 'language': None, 'base': 'https://www.clarin.com/rss/mundo/', 'value': 'La hija del presidente de EE.UU. respondió por email preguntas de Clarín antes de viajar a nuestro país.'}",http://www.clarin.com/mundo/entrevista-ivanka-trump-unidos-argentina-amigos-fuertes-socios-economicos-_0_ohOsc6bn8.html,False,"Wed, 04 Sep 2019 11:09:08 -0300","time.struct_time(tm_year=2019, tm_mon=9, tm_mday=4, tm_hour=14, tm_min=9, tm_sec=8, tm_wday=2, tm_yday=247, tm_isdst=0)",[{'name': 'Clarin.com'}],Clarin.com,{'name': 'Clarin.com'}
8,Huracán Dorian: así quedó Bahamas,"{'type': 'text/plain', 'language': None, 'base': 'https://www.clarin.com/rss/mundo/', 'value': 'Huracán Dorian: así quedó Bahamas'}","[{'rel': 'alternate', 'type': 'text/html', 'href': 'http://www.clarin.com/mundo/huracan-dorian-quedo-bahamas_0_wC2wMKyew.html'}, {'length': '0', 'type': 'image/jpg', 'href': 'https://images.clarin.com/2019/09/04/vZZ41s7xw_600x338__1.jpg', 'rel': 'enclosure'}]",http://www.clarin.com/mundo/huracan-dorian-quedo-bahamas_0_wC2wMKyew.html,Hay gente atrapada en sus casas y barrios enteros destruidos. Devastación total.,"{'type': 'text/html', 'language': None, 'base': 'https://www.clarin.com/rss/mundo/', 'value': 'Hay gente atrapada en sus casas y barrios enteros destruidos. Devastación total.'}",http://www.clarin.com/mundo/huracan-dorian-quedo-bahamas_0_wC2wMKyew.html,False,"Wed, 04 Sep 2019 10:51:24 -0300","time.struct_time(tm_year=2019, tm_mon=9, tm_mday=4, tm_hour=13, tm_min=51, tm_sec=24, tm_wday=2, tm_yday=247, tm_isdst=0)",[{'name': 'Clarin.com'}],Clarin.com,{'name': 'Clarin.com'}
9,Dura crítica de Bolsonaro a Bachelet: atacó a su padre muerto por Pinochet y la acusó de intromisión,"{'type': 'text/plain', 'language': None, 'base': 'https://www.clarin.com/rss/mundo/', 'value': 'Dura crítica de Bolsonaro a Bachelet: atacó a su padre muerto por Pinochet y la acusó de intromisión'}","[{'rel': 'alternate', 'type': 'text/html', 'href': 'http://www.clarin.com/mundo/dura-critica-bolsonaro-bachelet-ataco-padre-muerto-pinochet-acuso-intromision_0_u4G12kIKP.html'}, {'length': '0', 'type': 'image/jpg', 'href': 'https://images.clarin.com/2019/09/04/DiaATgQU2_600x338__1.jpg', 'rel': 'enclosure'}]",http://www.clarin.com/mundo/dura-critica-bolsonaro-bachelet-ataco-padre-muerto-pinochet-acuso-intromision_0_u4G12kIKP.html,Fue luego de que la Alta Comisionada de la ONU alertara sobre una reducción del espacio democrático en Brasil.,"{'type': 'text/html', 'language': None, 'base': 'https://www.clarin.com/rss/mundo/', 'value': 'Fue luego de que la Alta Comisionada de la ONU alertara sobre una reducción del espacio democrático en Brasil.'}",http://www.clarin.com/mundo/dura-critica-bolsonaro-bachelet-ataco-padre-muerto-pinochet-acuso-intromision_0_u4G12kIKP.html,False,"Wed, 04 Sep 2019 10:39:30 -0300","time.struct_time(tm_year=2019, tm_mon=9, tm_mday=4, tm_hour=13, tm_min=39, tm_sec=30, tm_wday=2, tm_yday=247, tm_isdst=0)",[{'name': 'Clarin.com'}],Clarin.com,{'name': 'Clarin.com'}
0,"Mientras sigue el ""éxodo"" de las prepagas, hay polémica sobre cómo se calculan los aumentos","{'type': 'text/plain', 'language': None, 'base': 'https://www.clarin.com/rss/sociedad/', 'value': 'Mientras sigue el ""éxodo"" de las prepagas, hay polémica sobre cómo se calculan los aumentos'}","[{'rel': 'alternate', 'type': 'text/html', 'href': 'http://www.clarin.com/sociedad/sigue-exodo-prepagas-polemica-calculan-aumentos_0_-Ev6aTdab.html'}, {'length': '0', 'type': 'image/jpg', 'href': 'https://images.clarin.com/2019/09/03/9Fdv_6Sb-_600x338__1.jpg', 'rel': 'enclosure'}]",http://www.clarin.com/sociedad/sigue-exodo-prepagas-polemica-calculan-aumentos_0_-Ev6aTdab.html,Fuentes del sector estiman una baja de afiliados de entre el 10% y el 20% en 3 años. Desde el Estado admiten defectos en la forma de evaluar las subas. Y desde las empresas dicen que las cuotas deberían ser aún más caras.,"{'type': 'text/html', 'language': None, 'base': 'https://www.clarin.com/rss/sociedad/', 'value': 'Fuentes del sector estiman una baja de afiliados de entre el 10% y el 20% en 3 años. Desde el Estado admiten defectos en la forma de evaluar las subas. Y desde las empresas dicen que las cuotas deberían ser aún más caras.'}",http://www.clarin.com/sociedad/sigue-exodo-prepagas-polemica-calculan-aumentos_0_-Ev6aTdab.html,False,"Wed, 04 Sep 2019 14:16:02 -0300","time.struct_time(tm_year=2019, tm_mon=9, tm_mday=4, tm_hour=17, tm_min=16, tm_sec=2, tm_wday=2, tm_yday=247, tm_isdst=0)",[{'name': 'Clarin.com'}],Clarin.com,{'name': 'Clarin.com'}
1,Se conocieron escalofriantes detalles sobre el quíntuple asesinato cometido por un chico de 14 años,"{'type': 'text/plain', 'language': None, 'base': 'https://www.clarin.com/rss/sociedad/', 'value': 'Se conocieron escalofriantes detalles sobre el quíntuple asesinato cometido por un chico de 14 años'}","[{'rel': 'alternate', 'type': 'text/html', 'href': 'http://www.clarin.com/sociedad/conocieron-escalofriantes-detalles-quintuple-asesinato-cometido-chico-14-anos_0_cKaRT0kA6.html'}, {'length': '0', 'type': 'image/jpg', 'href': 'https://images.clarin.com/2019/09/04/-whziCh3v_600x338__1.jpg', 'rel': 'enclosure'}]",http://www.clarin.com/sociedad/conocieron-escalofriantes-detalles-quintuple-asesinato-cometido-chico-14-anos_0_cKaRT0kA6.html,"El adolescente mató a balazos a su padre, a su madrastra y a sus tres hermanastros. Fue en un pueblo de apenas 500 habitantes.","{'type': 'text/html', 'language': None, 'base': 'https://www.clarin.com/rss/sociedad/', 'value': 'El adolescente mató a balazos a su padre, a su madrastra y a sus tres hermanastros. Fue en un pueblo de apenas 500 habitantes.'}",http://www.clarin.com/sociedad/conocieron-escalofriantes-detalles-quintuple-asesinato-cometido-chico-14-anos_0_cKaRT0kA6.html,False,"Wed, 04 Sep 2019 14:09:44 -0300","time.struct_time(tm_year=2019, tm_mon=9, tm_mday=4, tm_hour=17, tm_min=9, tm_sec=44, tm_wday=2, tm_yday=247, tm_isdst=0)",[{'name': 'Clarin.com'}],Clarin.com,{'name': 'Clarin.com'}
2,Un mosaico podría aportar nuevos datos sobre el milagro de Jesús de la multiplicación de los panes,"{'type': 'text/plain', 'language': None, 'base': 'https://www.clarin.com/rss/sociedad/', 'value': 'Un mosaico podría aportar nuevos datos sobre el milagro de Jesús de la multiplicación de los panes'}","[{'rel': 'alternate', 'type': 'text/html', 'href': 'http://www.clarin.com/sociedad/mosaico-podria-aportar-nuevos-datos-milagro-jesus-multiplicacion-panes_0_1PdH6-JY9.html'}, {'length': '0', 'type': 'image/jpg', 'href': 'https://images.clarin.com/2019/09/04/W_Qy5aAid_600x338__1.jpg', 'rel': 'enclosure'}]",http://www.clarin.com/sociedad/mosaico-podria-aportar-nuevos-datos-milagro-jesus-multiplicacion-panes_0_1PdH6-JY9.html,"Fue encontrado entre los restos de la ciudad de Hipos, desde donde los primeros cristianos veían las aguas en las que, según la tradición, caminó Jesucristo.","{'type': 'text/html', 'language': None, 'base': 'https://www.clarin.com/rss/sociedad/', 'value': 'Fue encontrado entre los restos de la ciudad de Hipos, desde donde los primeros cristianos veían las aguas en las que, según la tradición, caminó Jesucristo.'}",http://www.clarin.com/sociedad/mosaico-podria-aportar-nuevos-datos-milagro-jesus-multiplicacion-panes_0_1PdH6-JY9.html,False,"Wed, 04 Sep 2019 11:20:01 -0300","time.struct_time(tm_year=2019, tm_mon=9, tm_mday=4, tm_hour=14, tm_min=20, tm_sec=1, tm_wday=2, tm_yday=247, tm_isdst=0)",[{'name': 'Clarin.com'}],Clarin.com,{'name': 'Clarin.com'}
3,Docentes convocaron a un paro nacional para el jueves por la agresión a maestros en Chubut,"{'type': 'text/plain', 'language': None, 'base': 'https://www.clarin.com/rss/sociedad/', 'value': 'Docentes convocaron a un paro nacional para el jueves por la agresión a maestros en Chubut'}","[{'rel': 'alternate', 'type': 'text/html', 'href': 'http://www.clarin.com/sociedad/docentes-convocaron-paro-nacional-jueves-agresion-maestros-chubut_0_hd1Cbafsk.html'}, {'length': '0', 'type': 'image/jpg', 'href': 'https://images.clarin.com/2019/03/08/ZWQ6nRPgk_600x338__1.jpg', 'rel': 'enclosure'}]",http://www.clarin.com/sociedad/docentes-convocaron-paro-nacional-jueves-agresion-maestros-chubut_0_hd1Cbafsk.html,"Fue luego de que sindicalistas petroleros agredieran a un grupo de maestros que protestaban en la intersección de las rutas 3 y 26, al sur de Comodoro Rivadavia.","{'type': 'text/html', 'language': None, 'base': 'https://www.clarin.com/rss/sociedad/', 'value': 'Fue luego de que sindicalistas petroleros agredieran a un grupo de maestros que protestaban en la intersección de las rutas 3 y 26, al sur de Comodoro Rivadavia.'}",http://www.clarin.com/sociedad/docentes-convocaron-paro-nacional-jueves-agresion-maestros-chubut_0_hd1Cbafsk.html,False,"Wed, 04 Sep 2019 11:13:38 -0300","time.struct_time(tm_year=2019, tm_mon=9, tm_mday=4, tm_hour=14, tm_min=13, tm_sec=38, tm_wday=2, tm_yday=247, tm_isdst=0)",[{'name': 'Clarin.com'}],Clarin.com,{'name': 'Clarin.com'}
4,"Lucas Carrasco, el ex 678 acusado de abuso, habló ante el tribunal: ""Nunca fue mi intención violar a alguien""","{'type': 'text/plain', 'language': None, 'base': 'https://www.clarin.com/rss/sociedad/', 'value': 'Lucas Carrasco, el ex 678 acusado de abuso, habló ante el tribunal: ""Nunca fue mi intención violar a alguien""'}","[{'rel': 'alternate', 'type': 'text/html', 'href': 'http://www.clarin.com/sociedad/lucas-carrasco-ex-678-acusado-abuso-persona-amable-mundo-violador-_0_RYPKPgCry.html'}, {'length': '0', 'type': 'image/jpg', 'href': 'https://images.clarin.com/2019/09/04/0Db2ERi8Z_600x338__1.jpg', 'rel': 'enclosure'}]",http://www.clarin.com/sociedad/lucas-carrasco-ex-678-acusado-abuso-persona-amable-mundo-violador-_0_RYPKPgCry.html,"""Sé que no soy la persona más amable del mundo, pero no soy un violador"", declaró el periodista y tuitero K. Está acusado por dos mujeres.","{'type': 'text/html', 'language': None, 'base': 'https://www.clarin.com/rss/sociedad/', 'value': '""Sé que no soy la persona más amable del mundo, pero no soy un violador"", declaró el periodista y tuitero K. Está acusado por dos mujeres.'}",http://www.clarin.com/sociedad/lucas-carrasco-ex-678-acusado-abuso-persona-amable-mundo-violador-_0_RYPKPgCry.html,False,"Wed, 04 Sep 2019 10:17:53 -0300","time.struct_time(tm_year=2019, tm_mon=9, tm_mday=4, tm_hour=13, tm_min=17, tm_sec=53, tm_wday=2, tm_yday=247, tm_isdst=0)",[{'name': 'Clarin.com'}],Clarin.com,{'name': 'Clarin.com'}
5,"Denuncian que un ""mago"" abusó y drogó a nenes en un jardín de infantes","{'type': 'text/plain', 'language': None, 'base': 'https://www.clarin.com/rss/sociedad/', 'value': 'Denuncian que un ""mago"" abusó y drogó a nenes en un jardín de infantes'}","[{'rel': 'alternate', 'type': 'text/html', 'href': 'http://www.clarin.com/sociedad/denuncian-mago-abuso-drogo-nenes-jardin-infantes_0_2gSzdlHsK.html'}, {'length': '0', 'type': 'image/jpg', 'href': 'https://images.clarin.com/2019/09/04/dF1AXkogW_600x338__1.jpg', 'rel': 'enclosure'}]",http://www.clarin.com/sociedad/denuncian-mago-abuso-drogo-nenes-jardin-infantes_0_2gSzdlHsK.html,"El acusado, de 34 años, ofrecía shows de magia para los chicos. Hay al menos siete denuncias en su contra y unos 90 menores habrían sido testigos de los abusos.","{'type': 'text/html', 'language': None, 'base': 'https://www.clarin.com/rss/sociedad/', 'value': 'El acusado, de 34 años, ofrecía shows de magia para los chicos. Hay al menos siete denuncias en su contra y unos 90 menores habrían sido testigos de los abusos.'}",http://www.clarin.com/sociedad/denuncian-mago-abuso-drogo-nenes-jardin-infantes_0_2gSzdlHsK.html,False,"Wed, 04 Sep 2019 09:15:03 -0300","time.struct_time(tm_year=2019, tm_mon=9, tm_mday=4, tm_hour=12, tm_min=15, tm_sec=3, tm_wday=2, tm_yday=247, tm_isdst=0)",[{'name': 'Clarin.com'}],Clarin.com,{'name': 'Clarin.com'}
6,Pronóstico del tiempo en Capital y Gran Buenos Aires: hasta cuándo seguirá la ola de frío,"{'type': 'text/plain', 'language': None, 'base': 'https://www.clarin.com/rss/sociedad/', 'value': 'Pronóstico del tiempo en Capital y Gran Buenos Aires: hasta cuándo seguirá la ola de frío'}","[{'rel': 'alternate', 'type': 'text/html', 'href': 'http://www.clarin.com/sociedad/pronostico-tiempo-capital-gran-buenos-aires-seguira-ola-frio_0_Ia1W5O8rb.html'}, {'length': '0', 'type': 'image/jpg', 'href': 'https://images.clarin.com/2019/09/04/t2Q1YvAP2_600x338__1.jpg', 'rel': 'enclosure'}]",http://www.clarin.com/sociedad/pronostico-tiempo-capital-gran-buenos-aires-seguira-ola-frio_0_Ia1W5O8rb.html,"El Servicio Meteorológico Nacional prevé que las bajas temperaturas sigan, al menos, hasta el viernes.","{'type': 'text/html', 'language': None, 'base': 'https://www.clarin.com/rss/sociedad/', 'value': 'El Servicio Meteorológico Nacional prevé que las bajas temperaturas sigan, al menos, hasta el viernes.'}",http://www.clarin.com/sociedad/pronostico-tiempo-capital-gran-buenos-aires-seguira-ola-frio_0_Ia1W5O8rb.html,False,"Wed, 04 Sep 2019 08:17:08 -0300","time.struct_time(tm_year=2019, tm_mon=9, tm_mday=4, tm_hour=11, tm_min=17, tm_sec=8, tm_wday=2, tm_yday=247, tm_isdst=0)",[{'name': 'Clarin.com'}],Clarin.com,{'name': 'Clarin.com'}
7,Choque múltiple en Panamericana: hay dos heridos,"{'type': 'text/plain', 'language': None, 'base': 'https://www.clarin.com/rss/sociedad/', 'value': 'Choque múltiple en Panamericana: hay dos heridos'}","[{'rel': 'alternate', 'type': 'text/html', 'href': 'http://www.clarin.com/sociedad/choque-multiple-panamericana-heridos_0_78sfZXR77.html'}, {'length': '0', 'type': 'image/jpg', 'href': 'https://images.clarin.com/2019/09/04/7Vm8wApBK_600x338__1.jpg', 'rel': 'enclosure'}]",http://www.clarin.com/sociedad/choque-multiple-panamericana-heridos_0_78sfZXR77.html,"Seis vehículos estuvieron involucrados en el accidente, por el que hay cinco carriles obstruidos mano al norte.","{'type': 'text/html', 'language': None, 'base': 'https://www.clarin.com/rss/sociedad/', 'value': 'Seis vehículos estuvieron involucrados en el accidente, por el que hay cinco carriles obstruidos mano al norte.'}",http://www.clarin.com/sociedad/choque-multiple-panamericana-heridos_0_78sfZXR77.html,False,"Wed, 04 Sep 2019 07:22:25 -0300","time.struct_time(tm_year=2019, tm_mon=9, tm_mday=4, tm_hour=10, tm_min=22, tm_sec=25, tm_wday=2, tm_yday=247, tm_isdst=0)",[{'name': 'Clarin.com'}],Clarin.com,{'name': 'Clarin.com'}
8,Los expertos le reclaman al Gobierno estadísticas de mayor calidad de los estudiantes,"{'type': 'text/plain', 'language': None, 'base': 'https://www.clarin.com/rss/sociedad/', 'value': 'Los expertos le reclaman al Gobierno estadísticas de mayor calidad de los estudiantes'}","[{'rel': 'alternate', 'type': 'text/html', 'href': 'http://www.clarin.com/sociedad/expertos-reclaman-gobierno-estadisticas-mayor-calidad-estudiantes_0_jtv0r7ErM.html'}, {'length': '0', 'type': 'image/jpg', 'href': 'https://images.clarin.com/2019/09/03/kNWmZ3eEI_600x338__1.jpg', 'rel': 'enclosure'}]",http://www.clarin.com/sociedad/expertos-reclaman-gobierno-estadisticas-mayor-calidad-estudiantes_0_jtv0r7ErM.html,Servirían para luchar contra el abandono escolar. Las autoridades dicen que están armando una gran base de datos.,"{'type': 'text/html', 'language': None, 'base': 'https://www.clarin.com/rss/sociedad/', 'value': 'Servirían para luchar contra el abandono escolar. Las autoridades dicen que están armando una gran base de datos.'}",http://www.clarin.com/sociedad/expertos-reclaman-gobierno-estadisticas-mayor-calidad-estudiantes_0_jtv0r7ErM.html,False,"Wed, 04 Sep 2019 00:10:54 -0300","time.struct_time(tm_year=2019, tm_mon=9, tm_mday=4, tm_hour=3, tm_min=10, tm_sec=54, tm_wday=2, tm_yday=247, tm_isdst=0)",[{'name': 'Clarin.com'}],Clarin.com,{'name': 'Clarin.com'}
9,Balance educativo de 20 años: hay más alumnos e inversión pero los resultados no mejoran,"{'type': 'text/plain', 'language': None, 'base': 'https://www.clarin.com/rss/sociedad/', 'value': 'Balance educativo de 20 años: hay más alumnos e inversión pero los resultados no mejoran'}","[{'rel': 'alternate', 'type': 'text/html', 'href': 'http://www.clarin.com/sociedad/balance-educativo-20-anos-alumnos-inversion-resultados-mejoran_0_sG6pN-hEh.html'}, {'length': '0', 'type': 'image/jpg', 'href': 'https://images.clarin.com/2019/09/03/nVNwWIOlA_600x338__1.jpg', 'rel': 'enclosure'}]",http://www.clarin.com/sociedad/balance-educativo-20-anos-alumnos-inversion-resultados-mejoran_0_sG6pN-hEh.html,"Entre 1996 y 2018 se sumaron 2 millones de chicos a la escuela. Sin embargo, sólo 3 de cada 10 de los que terminan la secundaria tienen buen nivel en Matemática.","{'type': 'text/html', 'language': None, 'base': 'https://www.clarin.com/rss/sociedad/', 'value': 'Entre 1996 y 2018 se sumaron 2 millones de chicos a la escuela. Sin embargo, sólo 3 de cada 10 de los que terminan la secundaria tienen buen nivel en Matemática.'}",http://www.clarin.com/sociedad/balance-educativo-20-anos-alumnos-inversion-resultados-mejoran_0_sG6pN-hEh.html,False,"Wed, 04 Sep 2019 00:06:54 -0300","time.struct_time(tm_year=2019, tm_mon=9, tm_mday=4, tm_hour=3, tm_min=6, tm_sec=54, tm_wday=2, tm_yday=247, tm_isdst=0)",[{'name': 'Clarin.com'}],Clarin.com,{'name': 'Clarin.com'}
0,"Creyeron que era un ladrón, lo persiguieron entre ocho y lo mataron de un tiro","{'type': 'text/plain', 'language': None, 'base': 'https://www.clarin.com/rss/policiales/', 'value': 'Creyeron que era un ladrón, lo persiguieron entre ocho y lo mataron de un tiro'}","[{'rel': 'alternate', 'type': 'text/html', 'href': 'http://www.clarin.com/policiales/creyeron-ladron-persiguieron-mataron-tiro_0_2nGuM34Tz.html'}, {'length': '0', 'type': 'image/jpg', 'href': 'https://images.clarin.com/2019/09/04/CPgPC3FYa_600x338__1.jpg', 'rel': 'enclosure'}]",http://www.clarin.com/policiales/creyeron-ladron-persiguieron-mataron-tiro_0_2nGuM34Tz.html,"Uno de los atacantes creyó que había entrado a robar a su casa. La víctima, de 32 años, no tenía antecedentes.","{'type': 'text/html', 'language': None, 'base': 'https://www.clarin.com/rss/policiales/', 'value': 'Uno de los atacantes creyó que había entrado a robar a su casa. La víctima, de 32 años, no tenía antecedentes.'}",http://www.clarin.com/policiales/creyeron-ladron-persiguieron-mataron-tiro_0_2nGuM34Tz.html,False,"Wed, 04 Sep 2019 14:21:55 -0300","time.struct_time(tm_year=2019, tm_mon=9, tm_mday=4, tm_hour=17, tm_min=21, tm_sec=55, tm_wday=2, tm_yday=247, tm_isdst=0)",[{'name': 'Clarin.com'}],Clarin.com,{'name': 'Clarin.com'}
1,"Discutió en la calle y lo mató con una ""pistola lapicera"": cayó ""Patalín"", el remisero asesino","{'type': 'text/plain', 'language': None, 'base': 'https://www.clarin.com/rss/policiales/', 'value': 'Discutió en la calle y lo mató con una ""pistola lapicera"": cayó ""Patalín"", el remisero asesino'}","[{'rel': 'alternate', 'type': 'text/html', 'href': 'http://www.clarin.com/policiales/discutio-calle-mato-pistola-lapicera-cayo-patalin-remisero-asesino_0_3VhObMvEO.html'}, {'length': '0', 'type': 'image/jpg', 'href': 'https://images.clarin.com/2019/09/04/UgHb1Qh0K_600x338__1.jpg', 'rel': 'enclosure'}]",http://www.clarin.com/policiales/discutio-calle-mato-pistola-lapicera-cayo-patalin-remisero-asesino_0_3VhObMvEO.html,La víctima tenía 34 años y estaba charlando con una mujer cuando el atacante lo increpó.,"{'type': 'text/html', 'language': None, 'base': 'https://www.clarin.com/rss/policiales/', 'value': 'La víctima tenía 34 años y estaba charlando con una mujer cuando el atacante lo increpó.'}",http://www.clarin.com/policiales/discutio-calle-mato-pistola-lapicera-cayo-patalin-remisero-asesino_0_3VhObMvEO.html,False,"Wed, 04 Sep 2019 09:34:06 -0300","time.struct_time(tm_year=2019, tm_mon=9, tm_mday=4, tm_hour=12, tm_min=34, tm_sec=6, tm_wday=2, tm_yday=247, tm_isdst=0)",[{'name': 'Clarin.com'}],Clarin.com,{'name': 'Clarin.com'}
2,Violento asalto a un supermercado en Ranelagh: encañonaron a un nene de 11 años,"{'type': 'text/plain', 'language': None, 'base': 'https://www.clarin.com/rss/policiales/', 'value': 'Violento asalto a un supermercado en Ranelagh: encañonaron a un nene de 11 años'}","[{'rel': 'alternate', 'type': 'text/html', 'href': 'http://www.clarin.com/policiales/violento-asalto-supermercado-ranelagh-encanonaron-nene-11-anos_0_oUiDQwnFI.html'}, {'length': '0', 'type': 'image/jpg', 'href': 'https://images.clarin.com/2019/09/04/pAbPU-WN6_600x338__1.jpg', 'rel': 'enclosure'}]",http://www.clarin.com/policiales/violento-asalto-supermercado-ranelagh-encanonaron-nene-11-anos_0_oUiDQwnFI.html,Los delincuentes escaparon con la recaudación del comercio y objetos de valor de los clientes.,"{'type': 'text/html', 'language': None, 'base': 'https://www.clarin.com/rss/policiales/', 'value': 'Los delincuentes escaparon con la recaudación del comercio y objetos de valor de los clientes.'}",http://www.clarin.com/policiales/violento-asalto-supermercado-ranelagh-encanonaron-nene-11-anos_0_oUiDQwnFI.html,False,"Wed, 04 Sep 2019 09:33:24 -0300","time.struct_time(tm_year=2019, tm_mon=9, tm_mday=4, tm_hour=12, tm_min=33, tm_sec=24, tm_wday=2, tm_yday=247, tm_isdst=0)",[{'name': 'Clarin.com'}],Clarin.com,{'name': 'Clarin.com'}
3,Detienen un policía acusado de cobrar coimas a feriantes: llevaba un año prófugo y cayó por visitar su negocio,"{'type': 'text/plain', 'language': None, 'base': 'https://www.clarin.com/rss/policiales/', 'value': 'Detienen un policía acusado de cobrar coimas a feriantes: llevaba un año prófugo y cayó por visitar su negocio'}","[{'rel': 'alternate', 'type': 'text/html', 'href': 'http://www.clarin.com/policiales/detienen-policia-acusado-cobrar-coimas-llevaba-ano-profugo-cayo-visitar-negocio_0_6e0AxEIfI.html'}, {'length': '0', 'type': 'image/jpg', 'href': 'https://images.clarin.com/2019/08/09/pDZvUuP8H_600x338__1.jpg', 'rel': 'enclosure'}]",http://www.clarin.com/policiales/detienen-policia-acusado-cobrar-coimas-llevaba-ano-profugo-cayo-visitar-negocio_0_6e0AxEIfI.html,"Está acusado de liderar una banda de extorsionadores. ""Manejaban una de las grandes cajas negras de la Bonaerense"", explican los investigadores.","{'type': 'text/html', 'language': None, 'base': 'https://www.clarin.com/rss/policiales/', 'value': 'Está acusado de liderar una banda de extorsionadores. ""Manejaban una de las grandes cajas negras de la Bonaerense"", explican los investigadores.'}",http://www.clarin.com/policiales/detienen-policia-acusado-cobrar-coimas-llevaba-ano-profugo-cayo-visitar-negocio_0_6e0AxEIfI.html,False,"Wed, 04 Sep 2019 08:01:02 -0300","time.struct_time(tm_year=2019, tm_mon=9, tm_mday=4, tm_hour=11, tm_min=1, tm_sec=2, tm_wday=2, tm_yday=247, tm_isdst=0)",[{'name': 'Clarin.com'}],Clarin.com,{'name': 'Clarin.com'}
4,Video: la impresionante persecución a una banda que hacía salideras bancarias en Vicente López,"{'type': 'text/plain', 'language': None, 'base': 'https://www.clarin.com/rss/policiales/', 'value': 'Video: la impresionante persecución a una banda que hacía salideras bancarias en Vicente López'}","[{'rel': 'alternate', 'type': 'text/html', 'href': 'http://www.clarin.com/policiales/video-impresionante-persecucion-banda-salideras-bancarias-vicente-lopez_0_l8bwNdgSF.html'}, {'length': '0', 'type': 'image/jpg', 'href': 'https://images.clarin.com/2019/09/03/YwMv4UMiy_600x338__1.jpg', 'rel': 'enclosure'}]",http://www.clarin.com/policiales/video-impresionante-persecucion-banda-salideras-bancarias-vicente-lopez_0_l8bwNdgSF.html,Los policías eran guiados por los operadoes de las cámaras de seguridad que alertaban los movimientos de los delincuentes.,"{'type': 'text/html', 'language': None, 'base': 'https://www.clarin.com/rss/policiales/', 'value': 'Los policías eran guiados por los operadoes de las cámaras de seguridad que alertaban los movimientos de los delincuentes.'}",http://www.clarin.com/policiales/video-impresionante-persecucion-banda-salideras-bancarias-vicente-lopez_0_l8bwNdgSF.html,False,"Tue, 03 Sep 2019 20:24:01 -0300","time.struct_time(tm_year=2019, tm_mon=9, tm_mday=3, tm_hour=23, tm_min=24, tm_sec=1, tm_wday=1, tm_yday=246, tm_isdst=0)",[{'name': 'Clarin.com'}],Clarin.com,{'name': 'Clarin.com'}
5,Cómo se busca a un prófugo: recapturan a uno cada tres horas,"{'type': 'text/plain', 'language': None, 'base': 'https://www.clarin.com/rss/policiales/', 'value': 'Cómo se busca a un prófugo: recapturan a uno cada tres horas'}","[{'rel': 'alternate', 'type': 'text/html', 'href': 'http://www.clarin.com/policiales/busca-profugo-recapturan-horas_0_FqF_kTCOT.html'}, {'length': '0', 'type': 'image/jpg', 'href': 'https://images.clarin.com/2018/11/23/s3NETWYZZ_600x338__1.jpg', 'rel': 'enclosure'}]",http://www.clarin.com/policiales/busca-profugo-recapturan-horas_0_FqF_kTCOT.html,Entre 2016 y el primer semestre de 2019 atraparon a 10 mil. Todavía hay unos 40 mil fugitivos.,"{'type': 'text/html', 'language': None, 'base': 'https://www.clarin.com/rss/policiales/', 'value': 'Entre 2016 y el primer semestre de 2019 atraparon a 10 mil. Todavía hay unos 40 mil fugitivos.'}",http://www.clarin.com/policiales/busca-profugo-recapturan-horas_0_FqF_kTCOT.html,False,"Tue, 03 Sep 2019 20:10:25 -0300","time.struct_time(tm_year=2019, tm_mon=9, tm_mday=3, tm_hour=23, tm_min=10, tm_sec=25, tm_wday=1, tm_yday=246, tm_isdst=0)",[{'name': 'Clarin.com'}],Clarin.com,{'name': 'Clarin.com'}
6,En una semana balearon a tres policías en la zona del ex Regimiento La Tablada,"{'type': 'text/plain', 'language': None, 'base': 'https://www.clarin.com/rss/policiales/', 'value': 'En una semana balearon a tres policías en la zona del ex Regimiento La Tablada'}","[{'rel': 'alternate', 'type': 'text/html', 'href': 'http://www.clarin.com/policiales/semana-balearon-policias-zona-ex-regimiento-tablada_0_kSJvDNWra.html'}, {'length': '0', 'type': 'image/jpg', 'href': 'https://images.clarin.com/2019/09/03/SzN3UTPJr_600x338__1.jpg', 'rel': 'enclosure'}]",http://www.clarin.com/policiales/semana-balearon-policias-zona-ex-regimiento-tablada_0_kSJvDNWra.html,A Emmanuel Benítez (30) lo mataron y le robaron su arma. En la misma zona asesinaron a Emilio Ojeda (29) y balearon a Mariana Ontivero (36).,"{'type': 'text/html', 'language': None, 'base': 'https://www.clarin.com/rss/policiales/', 'value': 'A Emmanuel Benítez (30) lo mataron y le robaron su arma. En la misma zona asesinaron a Emilio Ojeda (29) y balearon a Mariana Ontivero (36).'}",http://www.clarin.com/policiales/semana-balearon-policias-zona-ex-regimiento-tablada_0_kSJvDNWra.html,False,"Tue, 03 Sep 2019 19:25:47 -0300","time.struct_time(tm_year=2019, tm_mon=9, tm_mday=3, tm_hour=22, tm_min=25, tm_sec=47, tm_wday=1, tm_yday=246, tm_isdst=0)",[{'name': 'Clarin.com'}],Clarin.com,{'name': 'Clarin.com'}
7,"Piden la captura internacional de Raúl Martins, el ex espía de la SIDE denunciado por proxeneta","{'type': 'text/plain', 'language': None, 'base': 'https://www.clarin.com/rss/policiales/', 'value': 'Piden la captura internacional de Raúl Martins, el ex espía de la SIDE denunciado por proxeneta'}","[{'rel': 'alternate', 'type': 'text/html', 'href': 'http://www.clarin.com/policiales/piden-captura-internacional-raul-martins-ex-espia-side-denunciado-proxeneta_0_7qV_JsAbK.html'}, {'length': '0', 'type': 'image/jpg', 'href': 'https://images.clarin.com/2019/05/08/AKa3fw4EC_600x338__1.jpg', 'rel': 'enclosure'}]",http://www.clarin.com/policiales/piden-captura-internacional-raul-martins-ex-espia-side-denunciado-proxeneta_0_7qV_JsAbK.html,Está acusado de liderar una organización criminal dedicada a la explotación sexual de mujeres.,"{'type': 'text/html', 'language': None, 'base': 'https://www.clarin.com/rss/policiales/', 'value': 'Está acusado de liderar una organización criminal dedicada a la explotación sexual de mujeres.'}",http://www.clarin.com/policiales/piden-captura-internacional-raul-martins-ex-espia-side-denunciado-proxeneta_0_7qV_JsAbK.html,False,"Tue, 03 Sep 2019 17:04:13 -0300","time.struct_time(tm_year=2019, tm_mon=9, tm_mday=3, tm_hour=20, tm_min=4, tm_sec=13, tm_wday=1, tm_yday=246, tm_isdst=0)",[{'name': 'Clarin.com'}],Clarin.com,{'name': 'Clarin.com'}
8,Investigan si los compañeros del policía que mató a un hombre de una patada intentaron encubrirlo,"{'type': 'text/plain', 'language': None, 'base': 'https://www.clarin.com/rss/policiales/', 'value': 'Investigan si los compañeros del policía que mató a un hombre de una patada intentaron encubrirlo'}","[{'rel': 'alternate', 'type': 'text/html', 'href': 'http://www.clarin.com/policiales/investigan-companeros-policia-mato-hombre-patada-intentaron-encubrirlo_0_sJXzTAUQa.html'}, {'length': '0', 'type': 'image/jpg', 'href': 'https://images.clarin.com/2019/08/20/IyHPEFc92_600x338__1.jpg', 'rel': 'enclosure'}]",http://www.clarin.com/policiales/investigan-companeros-policia-mato-hombre-patada-intentaron-encubrirlo_0_sJXzTAUQa.html,"Según trascendió, el efectivo que informó el hecho habló de una muerte ""en la vía pública"" y recién después de varias preguntas de un oficial de Justicia dijo que había un compañero involucrado.","{'type': 'text/html', 'language': None, 'base': 'https://www.clarin.com/rss/policiales/', 'value': 'Según trascendió, el efectivo que informó el hecho habló de una muerte ""en la vía pública"" y recién después de varias preguntas de un oficial de Justicia dijo que había un compañero involucrado.'}",http://www.clarin.com/policiales/investigan-companeros-policia-mato-hombre-patada-intentaron-encubrirlo_0_sJXzTAUQa.html,False,"Tue, 03 Sep 2019 16:26:15 -0300","time.struct_time(tm_year=2019, tm_mon=9, tm_mday=3, tm_hour=19, tm_min=26, tm_sec=15, tm_wday=1, tm_yday=246, tm_isdst=0)",[{'name': 'Clarin.com'}],Clarin.com,{'name': 'Clarin.com'}
9,"Por el aumento de los retiros, amplían el control con cámaras a los bancos de los barrios","{'type': 'text/plain', 'language': None, 'base': 'https://www.clarin.com/rss/policiales/', 'value': 'Por el aumento de los retiros, amplían el control con cámaras a los bancos de los barrios'}","[{'rel': 'alternate', 'type': 'text/html', 'href': 'http://www.clarin.com/policiales/aumento-retiros-amplian-control-camaras-bancos-barrios_0_v0D99FxMR.html'}, {'length': '0', 'type': 'image/jpg', 'href': 'https://images.clarin.com/2019/09/03/KkcE6Vsfh_600x338__1.jpg', 'rel': 'enclosure'}]",http://www.clarin.com/policiales/aumento-retiros-amplian-control-camaras-bancos-barrios_0_v0D99FxMR.html,"Unos 180 policías de la Ciudad recorren a pie la zona del Microcentro. Además de brigadas específicas que buscan a los ""marcadores"" de salideras bancarias.","{'type': 'text/html', 'language': None, 'base': 'https://www.clarin.com/rss/policiales/', 'value': 'Unos 180 policías de la Ciudad recorren a pie la zona del Microcentro. Además de brigadas específicas que buscan a los ""marcadores"" de salideras bancarias.'}",http://www.clarin.com/policiales/aumento-retiros-amplian-control-camaras-bancos-barrios_0_v0D99FxMR.html,False,"Tue, 03 Sep 2019 11:08:57 -0300","time.struct_time(tm_year=2019, tm_mon=9, tm_mday=3, tm_hour=14, tm_min=8, tm_sec=57, tm_wday=1, tm_yday=246, tm_isdst=0)",[{'name': 'Clarin.com'}],Clarin.com,{'name': 'Clarin.com'}
0,"Cristiano Rattazzi y una queja que se repite entre empresarios: ""Con esta inflación, no podemos hacer ninguna cuenta""","{'type': 'text/plain', 'language': None, 'base': 'https://www.clarin.com/rss/economia/', 'value': 'Cristiano Rattazzi y una queja que se repite entre empresarios: ""Con esta inflación, no podemos hacer ninguna cuenta""'}","[{'rel': 'alternate', 'type': 'text/html', 'href': 'http://www.clarin.com/economia/economia/cristiano-rattazzi-queja-repite-empresarios-inflacion-podemos-hacer-cuenta-_0_XpPsF9C9N.html'}, {'length': '0', 'type': 'image/jpg', 'href': 'https://images.clarin.com/2019/09/04/d3De-1o25_600x338__1.jpg', 'rel': 'enclosure'}]",http://www.clarin.com/economia/economia/cristiano-rattazzi-queja-repite-empresarios-inflacion-podemos-hacer-cuenta-_0_XpPsF9C9N.html,"El número uno de Fiat, Costantini, Perez Companc y Macciavello hablaron de impuestos, competitividad, exportaciones y empleo.","{'type': 'text/html', 'language': None, 'base': 'https://www.clarin.com/rss/economia/', 'value': 'El número uno de Fiat, Costantini, Perez Companc y Macciavello hablaron de impuestos, competitividad, exportaciones y empleo.'}",http://www.clarin.com/economia/economia/cristiano-rattazzi-queja-repite-empresarios-inflacion-podemos-hacer-cuenta-_0_XpPsF9C9N.html,False,"Wed, 04 Sep 2019 14:21:32 -0300","time.struct_time(tm_year=2019, tm_mon=9, tm_mday=4, tm_hour=17, tm_min=21, tm_sec=32, tm_wday=2, tm_yday=247, tm_isdst=0)",[{'name': 'Clarin.com'}],Clarin.com,{'name': 'Clarin.com'}
1,"Tras el derrumbe, las acciones argentinas suben hasta 10%","{'type': 'text/plain', 'language': None, 'base': 'https://www.clarin.com/rss/economia/', 'value': 'Tras el derrumbe, las acciones argentinas suben hasta 10%'}","[{'rel': 'alternate', 'type': 'text/html', 'href': 'http://www.clarin.com/economia/economia/derrumbe-acciones-argentinas-suben-10-_0_w8oH4WTc8.html'}, {'length': '0', 'type': 'image/jpg', 'href': 'https://images.clarin.com/2019/09/04/4mDCylpOj_600x338__1.jpg', 'rel': 'enclosure'}]",http://www.clarin.com/economia/economia/derrumbe-acciones-argentinas-suben-10-_0_w8oH4WTc8.html,"El S&P Merval avanza 5,5%, luego de la caída de casi 12% del martes.","{'type': 'text/html', 'language': None, 'base': 'https://www.clarin.com/rss/economia/', 'value': 'El S&P Merval avanza 5,5%, luego de la caída de casi 12% del martes.'}",http://www.clarin.com/economia/economia/derrumbe-acciones-argentinas-suben-10-_0_w8oH4WTc8.html,False,"Wed, 04 Sep 2019 13:32:13 -0300","time.struct_time(tm_year=2019, tm_mon=9, tm_mday=4, tm_hour=16, tm_min=32, tm_sec=13, tm_wday=2, tm_yday=247, tm_isdst=0)",[{'name': 'Clarin.com'}],Clarin.com,{'name': 'Clarin.com'}
2,"Paolo Rocca: ""La gente no quiere planes, quiere empleo""","{'type': 'text/plain', 'language': None, 'base': 'https://www.clarin.com/rss/economia/', 'value': 'Paolo Rocca: ""La gente no quiere planes, quiere empleo""'}","[{'rel': 'alternate', 'type': 'text/html', 'href': 'http://www.clarin.com/economia/paolo-rocca-gente-quiere-planes-quiere-empleo-_0_-v-CLmaoF.html'}, {'length': '0', 'type': 'image/jpg', 'href': 'https://images.clarin.com/2018/12/11/HlwT22vWy_600x338__1.jpg', 'rel': 'enclosure'}]",http://www.clarin.com/economia/paolo-rocca-gente-quiere-planes-quiere-empleo-_0_-v-CLmaoF.html,"Junto con Coto, Migoya y Blaquier hablaron del futuro de las empresas en la Argentina.","{'type': 'text/html', 'language': None, 'base': 'https://www.clarin.com/rss/economia/', 'value': 'Junto con Coto, Migoya y Blaquier hablaron del futuro de las empresas en la Argentina.'}",http://www.clarin.com/economia/paolo-rocca-gente-quiere-planes-quiere-empleo-_0_-v-CLmaoF.html,False,"Wed, 04 Sep 2019 12:25:17 -0300","time.struct_time(tm_year=2019, tm_mon=9, tm_mday=4, tm_hour=15, tm_min=25, tm_sec=17, tm_wday=2, tm_yday=247, tm_isdst=0)",[{'name': 'Clarin.com'}],Clarin.com,{'name': 'Clarin.com'}
3,"Dólar hoy: a cuánto cotiza, banco por banco","{'type': 'text/plain', 'language': None, 'base': 'https://www.clarin.com/rss/economia/', 'value': 'Dólar hoy: a cuánto cotiza, banco por banco'}","[{'rel': 'alternate', 'type': 'text/html', 'href': 'http://www.clarin.com/economia/dolar-hoy-cotiza-banco-banco_0_gUBSi3Ma4.html'}, {'length': '0', 'type': 'image/jpg', 'href': 'https://images.clarin.com/2019/09/04/tLkrtDHuC_600x338__1.jpg', 'rel': 'enclosure'}]",http://www.clarin.com/economia/dolar-hoy-cotiza-banco-banco_0_gUBSi3Ma4.html,"La divisa se ubica en $ 58,30, según el relevamiento que realiza el Banco Central.","{'type': 'text/html', 'language': None, 'base': 'https://www.clarin.com/rss/economia/', 'value': 'La divisa se ubica en $ 58,30, según el relevamiento que realiza el Banco Central.'}",http://www.clarin.com/economia/dolar-hoy-cotiza-banco-banco_0_gUBSi3Ma4.html,False,"Wed, 04 Sep 2019 12:03:28 -0300","time.struct_time(tm_year=2019, tm_mon=9, tm_mday=4, tm_hour=15, tm_min=3, tm_sec=28, tm_wday=2, tm_yday=247, tm_isdst=0)",[{'name': 'Clarin.com'}],Clarin.com,{'name': 'Clarin.com'}
4,"Ricardo Arriazu: ""En la Argentina es siempre 'qué me da'; la política es un ascenso social y el Estado es un botín""","{'type': 'text/plain', 'language': None, 'base': 'https://www.clarin.com/rss/economia/', 'value': 'Ricardo Arriazu: ""En la Argentina es siempre \'qué me da\'; la política es un ascenso social y el Estado es un botín""'}","[{'rel': 'alternate', 'type': 'text/html', 'href': 'http://www.clarin.com/economia/economia/economista-cuestiono-estimulo-consumo-solucion_0_O3gctH8vE.html'}, {'length': '0', 'type': 'image/jpg', 'href': 'https://images.clarin.com/2019/05/08/goEbbiSoe_600x338__1.jpg', 'rel': 'enclosure'}]",http://www.clarin.com/economia/economia/economista-cuestiono-estimulo-consumo-solucion_0_O3gctH8vE.html,El economista trazó un panorama crítico que excede al actual gobierno y afirmó que si el país no realiza cambios estructurales no saldrá de la crisis.,"{'type': 'text/html', 'language': None, 'base': 'https://www.clarin.com/rss/economia/', 'value': 'El economista trazó un panorama crítico que excede al actual gobierno y afirmó que si el país no realiza cambios estructurales no saldrá de la crisis.'}",http://www.clarin.com/economia/economia/economista-cuestiono-estimulo-consumo-solucion_0_O3gctH8vE.html,False,"Wed, 04 Sep 2019 11:35:07 -0300","time.struct_time(tm_year=2019, tm_mon=9, tm_mday=4, tm_hour=14, tm_min=35, tm_sec=7, tm_wday=2, tm_yday=247, tm_isdst=0)",[{'name': 'Clarin.com'}],Clarin.com,{'name': 'Clarin.com'}
5,Dólar hoy: se mantiene estable y baja el riesgo país por primera vez en 9 días,"{'type': 'text/plain', 'language': None, 'base': 'https://www.clarin.com/rss/economia/', 'value': 'Dólar hoy: se mantiene estable y baja el riesgo país por primera vez en 9 días'}","[{'rel': 'alternate', 'type': 'text/html', 'href': 'http://www.clarin.com/economia/economia/dolar-hoy-mantiene-estable-baja-riesgo-pais-primera-vez-9-dias_0_V36Ye9SDT.html'}, {'length': '0', 'type': 'image/jpg', 'href': 'https://images.clarin.com/2019/09/03/jW1XoAFSv_600x338__1.jpg', 'rel': 'enclosure'}]",http://www.clarin.com/economia/economia/dolar-hoy-mantiene-estable-baja-riesgo-pais-primera-vez-9-dias_0_V36Ye9SDT.html,Cotiza a $ 57 en el Banco Nación. El riesgo baja de los 2.400 puntos básicos.,"{'type': 'text/html', 'language': None, 'base': 'https://www.clarin.com/rss/economia/', 'value': 'Cotiza a $ 57 en el Banco Nación. El riesgo baja de los 2.400 puntos básicos.'}",http://www.clarin.com/economia/economia/dolar-hoy-mantiene-estable-baja-riesgo-pais-primera-vez-9-dias_0_V36Ye9SDT.html,False,"Wed, 04 Sep 2019 10:46:29 -0300","time.struct_time(tm_year=2019, tm_mon=9, tm_mday=4, tm_hour=13, tm_min=46, tm_sec=29, tm_wday=2, tm_yday=247, tm_isdst=0)",[{'name': 'Clarin.com'}],Clarin.com,{'name': 'Clarin.com'}
6,AEA se sumó al pedido de un acuerdo político y social,"{'type': 'text/plain', 'language': None, 'base': 'https://www.clarin.com/rss/economia/', 'value': 'AEA se sumó al pedido de un acuerdo político y social'}","[{'rel': 'alternate', 'type': 'text/html', 'href': 'http://www.clarin.com/economia/economia/aea-sumo-pedido-acuerdo-politico-social_0_hlsj98VE6.html'}, {'length': '0', 'type': 'image/jpg', 'href': 'https://images.clarin.com/2018/03/23/S1zrBpB5G_600x338__1.jpg', 'rel': 'enclosure'}]",http://www.clarin.com/economia/economia/aea-sumo-pedido-acuerdo-politico-social_0_hlsj98VE6.html,El titular de la Asociación Empresaria Argentina llamó a evitar los atajos.,"{'type': 'text/html', 'language': None, 'base': 'https://www.clarin.com/rss/economia/', 'value': 'El titular de la Asociación Empresaria Argentina llamó a evitar los atajos.'}",http://www.clarin.com/economia/economia/aea-sumo-pedido-acuerdo-politico-social_0_hlsj98VE6.html,False,"Wed, 04 Sep 2019 10:26:32 -0300","time.struct_time(tm_year=2019, tm_mon=9, tm_mday=4, tm_hour=13, tm_min=26, tm_sec=32, tm_wday=2, tm_yday=247, tm_isdst=0)",[{'name': 'Clarin.com'}],Clarin.com,{'name': 'Clarin.com'}
7,"Tras la prueba piloto, YPF empieza a exportar gas por barco de manera regular","{'type': 'text/plain', 'language': None, 'base': 'https://www.clarin.com/rss/economia/', 'value': 'Tras la prueba piloto, YPF empieza a exportar gas por barco de manera regular'}","[{'rel': 'alternate', 'type': 'text/html', 'href': 'http://www.clarin.com/economia/economia/prueba-piloto-ypf-empieza-exportar-gas-barco-manera-regular_0_MZ5KbRW_I.html'}, {'length': '0', 'type': 'image/jpg', 'href': 'https://images.clarin.com/2019/09/04/22k5FBAzA_600x338__1.jpg', 'rel': 'enclosure'}]",http://www.clarin.com/economia/economia/prueba-piloto-ypf-empieza-exportar-gas-barco-manera-regular_0_MZ5KbRW_I.html,Sumará US$ 200 millones en exportaciones por año. Enviará el gas de Vaca Muerta entre septiembre y mayo.,"{'type': 'text/html', 'language': None, 'base': 'https://www.clarin.com/rss/economia/', 'value': 'Sumará US$ 200 millones en exportaciones por año. Enviará el gas de Vaca Muerta entre septiembre y mayo.'}",http://www.clarin.com/economia/economia/prueba-piloto-ypf-empieza-exportar-gas-barco-manera-regular_0_MZ5KbRW_I.html,False,"Wed, 04 Sep 2019 09:33:59 -0300","time.struct_time(tm_year=2019, tm_mon=9, tm_mday=4, tm_hour=12, tm_min=33, tm_sec=59, tm_wday=2, tm_yday=247, tm_isdst=0)",[{'name': 'Clarin.com'}],Clarin.com,{'name': 'Clarin.com'}
8,Video: Aurelius Capital dice que la crisis argentina incrementa el daño económico por el litigio del Cupón PBI,"{'type': 'text/plain', 'language': None, 'base': 'https://www.clarin.com/rss/economia/', 'value': 'Video: Aurelius Capital dice que la crisis argentina incrementa el daño económico por el litigio del Cupón PBI'}","[{'rel': 'alternate', 'type': 'text/html', 'href': 'http://www.clarin.com/economia/video-aurelius-capital-dice-crisis-argentina-incrementa-dano-economico-litigio-cupon-pbi_0_4yLSAeZfW.html'}, {'length': '0', 'type': 'image/jpg', 'href': 'https://images.clarin.com/2019/09/04/IXn6ZrdUp_600x338__1.jpg', 'rel': 'enclosure'}]",http://www.clarin.com/economia/video-aurelius-capital-dice-crisis-argentina-incrementa-dano-economico-litigio-cupon-pbi_0_4yLSAeZfW.html,FIN.GURU te acerca los principales temas económicos para comenzar la jornada de este miércoles.,"{'type': 'text/html', 'language': None, 'base': 'https://www.clarin.com/rss/economia/', 'value': 'FIN.GURU te acerca los principales temas económicos para comenzar la jornada de este miércoles.'}",http://www.clarin.com/economia/video-aurelius-capital-dice-crisis-argentina-incrementa-dano-economico-litigio-cupon-pbi_0_4yLSAeZfW.html,False,"Wed, 04 Sep 2019 07:13:51 -0300","time.struct_time(tm_year=2019, tm_mon=9, tm_mday=4, tm_hour=10, tm_min=13, tm_sec=51, tm_wday=2, tm_yday=247, tm_isdst=0)",[{'name': 'Clarin.com'}],Clarin.com,{'name': 'Clarin.com'}
9,Boletín oficial: se confirmó la postergación del aumento en la tarifa de gas,"{'type': 'text/plain', 'language': None, 'base': 'https://www.clarin.com/rss/economia/', 'value': 'Boletín oficial: se confirmó la postergación del aumento en la tarifa de gas'}","[{'rel': 'alternate', 'type': 'text/html', 'href': 'http://www.clarin.com/economia/boletin-oficial-confirmo-postergacion-aumento-tarifa-gas_0_mDHgQyE7H.html'}, {'length': '0', 'type': 'image/jpg', 'href': 'https://images.clarin.com/2019/03/28/wfaKmdjpk_600x338__1.jpg', 'rel': 'enclosure'}]",http://www.clarin.com/economia/boletin-oficial-confirmo-postergacion-aumento-tarifa-gas_0_mDHgQyE7H.html,"El ajuste, que debía regir desde octubre, se hará en enero. Las prestadoras readecuarán su plan de inversiones.","{'type': 'text/html', 'language': None, 'base': 'https://www.clarin.com/rss/economia/', 'value': 'El ajuste, que debía regir desde octubre, se hará en enero. Las prestadoras readecuarán su plan de inversiones.'}",http://www.clarin.com/economia/boletin-oficial-confirmo-postergacion-aumento-tarifa-gas_0_mDHgQyE7H.html,False,"Wed, 04 Sep 2019 03:15:25 -0300","time.struct_time(tm_year=2019, tm_mon=9, tm_mday=4, tm_hour=6, tm_min=15, tm_sec=25, tm_wday=2, tm_yday=247, tm_isdst=0)",[{'name': 'Clarin.com'}],Clarin.com,{'name': 'Clarin.com'}
