id,title,link,summary,published,author
0,¡Alerta en Nuevo León! Prevén lluvias intensas por ‘Fernand’,https://www.excelsior.com.mx/nacional/alerta-en-nuevo-leon-preven-lluvias-intensas-por-fernand/1334448,"<div class=""field field-name-field-image-portada-grande field-type-image field-label-hidden""><div class=""field-items""><div class=""field-item even""><img typeof=""foaf:Image"" src=""//cdn2.excelsior.com.mx/media/styles/imagen_portada_grande/public/pictures/2019/09/04/2213148.jpg"" width=""664"" height=""498"" alt=""En redes sociales, Protección Civil en Nuevo León dijo que hasta las 15:00 horas las lluvias se mantienen constantes en la mayor parte de la entidad. Foto: Cuartoscuro"" title=""En redes sociales, Protección Civil en Nuevo León dijo que hasta las 15:00 horas las lluvias se mantienen constantes en la mayor parte de la entidad. Foto: Cuartoscuro"" /></div></div></div><div class=""field field-name-body field-type-text-with-summary field-label-hidden""><div class=""field-items""><div class=""field-item even"" property=""content:encoded""><p>CIUDAD DE MÉXICO.</p>
lluvias de hasta 175 milímetros </strong>en la mayor parte del área metropolitana, citrícola y sur del estado, a causa de la <strong>tormenta tropical “Fernand”.  </strong></p>
se mantienen constantes en la mayor parte de la entidad.</p>
<p>Añadió que comienza a generarse el <strong>""efecto tren""</strong>, que significa que banda tras banda de intensas lluvias asociadas a “Fernand” se mantendrán por el resto del día y noche.</p>
<p>Protección Civil de Nuevo León subió un video del Canal de Topo Chico, en el municipio de San Nicolás de los Garza, que tiene un 50 ciento de capacidad, por lo que pidió a la ciudadanía tomar precauciones.</p>
<p>Asimismo, reportó que el Canal de Aztlán, a la altura del Barrio Aztlán, en el norte de la capital regiomontana, también registra 50 por ciento de capacidad.</p>
<p>La avenida Fidel Velázquez está cerrada a la circulación de poniente a oriente.</p>
<p>jcp</p>
<p> </p>
<div class=""media media-element-container media-default""><a href=""https://www.excelsior.com.mx/galerias"" target=""_blank""><img alt="""" class=""media-element file-default"" data-delta=""1"" height=""60"" src=""//cdn2.excelsior.com.mx/media/inside-the-note/pictures/2019/07/31/pleca_galerias_1_0.png"" typeof=""Image"" width=""580"" /></a></div>
<p> </p>
</div></div></div><div class=""field field-name-field-nodes-related field-type-node-reference field-label-above""><div class=""field-label"">Contenidos Relacionados:&nbsp;</div><div class=""field-items""><div class=""field-item even""><a href=""/nacional/alertan-de-afectaciones-en-tamaulipas-por-fernand/1334417"">Alertan de afectaciones en Tamaulipas por ‘Fernand’</a></div><div class=""field-item odd""><a href=""/nacional/tormenta-tropical-fernand-toca-tierra-en-tamaulipas/1334409"">Tormenta Tropical ‘Fernand’ toca tierra en Tamaulipas</a></div><div class=""field-item even""><a href=""/nacional/activan-en-nl-operativo-de-pc-por-llegada-de-fernand/1334369"">Activan en NL operativo de PC por llegada de &#039;Fernand&#039;</a></div></div></div>","Wed, 04 Sep 2019 20:42:02 +0000",jcarlos.ponce
1,Michigan prohibirá cigarrillos electrónicos saborizados,https://www.excelsior.com.mx/global/michigan-prohibira-cigarrillos-electronicos-saborizados/1334447,"<div class=""field field-name-field-image-portada-grande field-type-image field-label-hidden""><div class=""field-items""><div class=""field-item even""><img typeof=""foaf:Image"" src=""//cdn2.excelsior.com.mx/media/styles/imagen_portada_grande/public/pictures/2019/09/04/2213144.jpg"" width=""664"" height=""498"" alt=""Michigan prohibirá cigarrillos electrónicos saborizados"" title=""En el estado de Michigan estará prohibida la venta de recargas y líquidos con nicotina saborizada. Foto: AP"" /></div></div></div><div class=""field field-name-field-autor field-type-text field-label-hidden""><div class=""field-items""><div class=""field-item even"">AFP / Foto: AP</div></div></div><div class=""field field-name-body field-type-text-with-summary field-label-hidden""><div class=""field-items""><div class=""field-item even"" property=""content:encoded""><p>ESTADOS UNIDOS.</p>
en adoptar esta decisión.</p>
<blockquote><p>Como gobernador, mi prioridad número uno es proteger a nuestros jóvenes"", dijo el gobernador Gretchen Whitmer. ""Los vendedores de vaporizadores usan perfumes de sabores para acostumbrar a los jóvenes a la nicotina y el marketing engañoso para hacerles creer que estos productos no son peligrosos"".</p>
</blockquote>
<p>La decisión entrará en vigor <strong>en unas pocas semanas</strong>, una vez que se termine de redactar el texto, y <strong>tendrá una validez de seis meses</strong>, con opción de renovación.</p>
<p><a href=""https://www.excelsior.com.mx/global/ciertos-cigarros-electronicos-son-peores-que-nicotina-afirman/1229006"" target=""_blank""><strong>Ciertos cigarros electrónicos son peores que nicotina, afirman</strong></a></p>
en comercio y en línea en todo Michigan. El estado también prohibirá cualquier comercialización que presente el vapeo como ""limpio"", ""seguro"" y ""saludable"".</p>
<p>Las piezas publicitarias para cigarrillos electrónicos también estarán prohibidas.</p>
por los efectos sobre la salud de un producto que durante mucho tiempo se promovió como inofensivo.</p>
<p><a href=""https://www.excelsior.com.mx/global/eu-en-alerta-por-epidemia-de-cigarros-electronicos-en-jovenes/1264629"" target=""_blank""><strong>EU en alerta por 'epidemia de cigarros electrónicos' en jóvenes</strong></a></p>
pero cada vez más severa por parte de las autoridades sanitarias a nivel federal, pero también a nivel local en los estados.</p>
lanzó investigaciones sobre Juul, con sede en San Francisco, y anunció el año pasado la próxima prohibición de la venta por internet de recargas con sabores a caramelos, que atraen a los más jóvenes. Bajo presión, Juul ha tomado medidas para evitar la venta de sus productos a menores tanto en línea como a sus distribuidores.</p>
comprar cigarrillos electrónicos a 21 años</strong>. San Francisco ha prohibido por completo la venta.</p>
<div>
<div><a href=""https://www.excelsior.com.mx/galerias"" target=""_blank""><img alt="""" data-delta=""2"" height=""60"" src=""https://cdn2.excelsior.com.mx/media/inside-the-note/pictures/2019/08/01/whatsapp_image_2019-07-31_at_20.11.08.jpeg"" typeof=""Image"" width=""580"" /></a></div>
<div> </div>
</div>
<div>TE PUEDE INTERESAR:</div>
<div>
<p><strong><a href=""https://www.excelsior.com.mx/global/empujan-a-joven-a-las-vias-del-metro-difunden-video/1328158"" target=""_blank"">Empujan a joven a las vías del Metro; difunden video</a></strong></p>
<p><strong><a href=""https://www.excelsior.com.mx/funcion/publican-conmovedora-foto-de-don-ramon-en-el-hospital/1329668"" target=""_blank"">Publican conmovedora foto de 'Don Ramón' en el hospital</a></strong></p>
<p><strong><a href=""https://www.excelsior.com.mx/global/pareja-de-enamorados-cae-de-puente-por-echar-novio/1328866"" target=""_blank"">Pareja de enamorados cae de puente por 'echar novio'</a></strong></p>
<p><strong><a href=""https://www.excelsior.com.mx/global/el-aterrador-hallazgo-dentro-del-estomago-de-un-cocodrilo/1327999"" target=""_blank"">El aterrador hallazgo dentro del estómago de un cocodrilo</a></strong></p>
<p><strong><a href=""https://www.excelsior.com.mx/nacional/este-es-el-peor-error-que-puedes-cometer-en-un-cajero-automatico/1329531"" target=""_blank"">Este es el peor error que puedes cometer en un cajero automático</a></strong></p>
<p><strong><a href=""https://www.excelsior.com.mx/trending/dos-chimpances-banan-a-un-perrito-el-video-alegrara-tu-dia/1329654"" target=""_blank"">Dos chimpancés bañan a un perrito; el video alegrará tu día</a></strong></p>
</div>
<div> </div>
<div><a href=""http://www.excelsior.com.mx/ultima-hora"" target=""_blank""><img alt="""" data-delta=""2"" src=""https://cdn2.excelsior.com.mx/media/inside-the-note/pictures/2019/07/04/pleca_ultima_hora.jpg"" typeof=""Image"" /></a></div>
<div> </div>
<div> </div>
<div>▷emb</div>
<div> </div>
<div> </div>
</div></div></div><div class=""field field-name-field-nodes-related field-type-node-reference field-label-above""><div class=""field-label"">Contenidos Relacionados:&nbsp;</div><div class=""field-items""><div class=""field-item even""><a href=""/nacional/sujetos-asaltan-tienda-se-llevan-cafe-cigarros-y-hasta-encendedores/1300369"">Sujetos asaltan tienda; se llevan café, cigarros y hasta encendedores</a></div><div class=""field-item odd""><a href=""/nacional/2014/10/19/987815"">Sedena destruye 13 millones de cigarrillos apócrifos</a></div></div></div>","Wed, 04 Sep 2019 20:28:52 +0000",eduardo.morales
2,Los alimentos que provocan que se te caiga el cabello,https://www.excelsior.com.mx/trending/los-alimentos-que-provocan-que-se-te-caiga-el-cabello/1334446,"<div class=""field field-name-field-image-portada-grande field-type-image field-label-hidden""><div class=""field-items""><div class=""field-item even""><img typeof=""foaf:Image"" src=""//cdn2.excelsior.com.mx/media/styles/imagen_portada_grande/public/pictures/2019/09/04/2213146.jpg"" width=""664"" height=""498"" alt=""Toma nota de los alimentos que podrían provocar la caída del cabello. Cortesía: iStock"" title=""Toma nota de los alimentos que podrían provocar la caída del cabello. Cortesía: iStock"" /></div></div></div><div class=""field field-name-field-images field-type-image field-label-hidden""><div class=""field-items""><div class=""field-item even""><img typeof=""foaf:Image"" src=""//cdn2.excelsior.com.mx/media/styles/imagen_portada_grande/public/alimentos_que_hacen_que_se_te_caiga_el_cabello_evitalos_1.jpg"" width=""664"" height=""498"" alt=""Alimentos que hacen que se te caiga el cabello (evítalos) /Cortesía: iStock"" title=""Alimentos que hacen que se te caiga el cabello (evítalos)"" /></div></div></div><div class=""field field-name-field-autor field-type-text field-label-hidden""><div class=""field-items""><div class=""field-item even"">Diana Oliva / Salud 180</div></div></div><div class=""field field-name-body field-type-text-with-summary field-label-hidden""><div class=""field-items""><div class=""field-item even"" property=""content:encoded""><p>CIUDAD DE MÉXICO.</p>
cae el cabello más rápido de lo normal</strong>, quizá se deba a tu alimentación. </p>
<ul><li><a href=""https://www.excelsior.com.mx/trending/mujer-prefirio-donar-su-rinon-a-un-desconocido-que-a-su-abuelo-y-con-justa-razon/1334247"">Mujer prefirió donar su riñón a un desconocido que a su abuelo... y con justa razón</a></li>
Sin embargo, el consumo de algunos alimentos puede acelerar su caída.</p>
<blockquote><p>El saltarte el desayuno, ingerir menos de 4 vasos de agua  y comer a horas desordenadas contribuye al maltrato del cuero cabelludo”, señala <strong>Viviana Vargas, nutricionista.</strong></p>
</blockquote>
<p> </p>
<p><img src=""http://cdn2.salud180.com/sites/default/files/pelo_pelo_pelo.jpg"" width=""640"" /></p>
<p> </p>
<p><strong>¡Cuidado con ellos!</strong><br /></p><blockquote>
<p>Normalmente una persona pierde 100 cabellos diarios, pero cuando esta cantidad es superada entonces existe un problema; ejemplo, una mala alimentación”, señala la <strong><a href=""https://www.nlm.nih.gov/medlineplus/spanish/hairloss.html"" target=""_blank"">Biblioteca Nacional de Medicina de los Estados Unidos.</a></strong></p>
</blockquote>
<p>Empieza el cuidado de tu cabellera reduciendo el consumo de estos alimentos que hacen que se caiga.</p>
<p> </p>
<p><strong>1. Azúcar</strong>
andrógeno, que reduce el tamaño de los folículos pilosos y adelgaza el cabello.</p>
<p> </p>
<p><strong>2. Alcohol</strong>
impide la absorción adecuada </strong>de minerales esenciales para el pelo: zinc, que contribuye a estimular el crecimiento y flexibilidad de cada cabello.</p>
<p> </p>
<p><strong>3. Sushi</strong>
es rico en mercurio</strong>; niveles altos de este metal pueden inducir a la pérdida de cabello.</p>
<p> </p>
<p><strong>4. Alimentos altos en índice glucémico</strong>
(una hormona masculina relacionada la calvicie).</p>
<p> </p>
<p><strong>5. Dieta baja en proteínas</strong>
Además la falta de proteína puede ser responsable de la hinchazón alrededor de los ojos.</p>
<p>Lo ideal es mantener una <strong>dieta balanceada</strong> que se encuentre compuesta por todos los grupos de alimentos: carnes, verduras, frutas y lácteos. </p>
<p> </p>
<p><a href=""https://www.salud180.com/salud-dia-dia/5-alimentos-que-hacen-que-se-te-caiga-el-cabello-evitalos"" rel=""NOFOLLOW"" target=""_blank"">VISITA SALUD 180</a></p>
<p><a href=""https://www.excelsior.com.mx/galerias"" target=""_blank""><img alt="""" data-delta=""2"" height=""60"" src=""https://cdn2.excelsior.com.mx/media/inside-the-note/pictures/2019/08/01/whatsapp_image_2019-07-31_at_20.11.08.jpeg"" typeof=""Image"" width=""580"" /></a></p>
<p> </p>
<p><strong>TAMBIÉN PUEDE INTERESARTE:  </strong></p>
<p><a href=""https://www.excelsior.com.mx/funcion/joaquin-phoenix-recibe-ocho-minutos-de-aplausos-en-venecia-por-joker/1333700"">Joaquin Phoenix recibe ocho minutos de aplausos en Venecia por 'Joker'</a></p>
<p><a href=""https://www.excelsior.com.mx/funcion/el-chapo-habria-pedido-una-cita-romantica-con-belinda/1333666"">'El Chapo' habría pedido una cita 'romántica' con Belinda</a></p>
<p><a href=""https://www.excelsior.com.mx/trending/hermanas-se-pierden-en-la-selva-y-piden-ayuda-con-divertido-video/1333574"">Hermanas se pierden en la selva y piden ayuda con divertido video</a></p>
<p><a href=""https://www.excelsior.com.mx/trending/mujer-vegana-denuncia-a-sus-vecinos-por-mal-olor-de-su-carne-asada/1334220"">Mujer vegana denuncia a sus vecinos por mal olor de su carne asada</a></p>
<p><a href=""https://www.excelsior.com.mx/funcion/lucero-festeja-sus-50-anos-con-video-a-sus-fans-y-luciendo-cuerpazo/1333395"">Lucero festeja sus 50 años con video a sus fans y luciendo cuerpazo</a></p>
<p><a href=""https://www.excelsior.com.mx/funcion/ariana-grande-mete-demanda-millonaria-a-forever-21-por-usar-a-una-doble/1334197"">Ariana Grande mete demanda millonaria a Forever 21 por usar a una doble</a></p>
<p><a href=""https://www.excelsior.com.mx/funcion/las-escenas-de-charles-manson-que-elimino-tarantino/1333671"">Las escenas de Charles Manson que eliminó Tarantino</a></p>
<p><a href=""https://www.excelsior.com.mx/trending/mujer-prefirio-donar-su-rinon-a-un-desconocido-que-a-su-abuelo-y-con-justa-razon/1334247"">Mujer prefirió donar su riñón a un desconocido que a su abuelo... y con justa razón</a></p>
<p><a href=""https://www.excelsior.com.mx/trending/cuanta-crueldad-abandonan-a-perrito-dentro-de-caja-en-central-de-autobuses/1334243"">¡Cuánta crueldad! Abandonan a perrito dentro de caja en Central de Autobuses</a></p>
<p> </p>
<p><a href=""http://www.excelsior.com.mx/ultima-hora"" target=""_blank""><img alt="""" data-delta=""2"" height=""50"" src=""https://cdn2.excelsior.com.mx/media/inside-the-note/pictures/2019/07/04/pleca_ultima_hora.jpg"" typeof=""Image"" width=""580"" /></a></p>
</div></div></div><div class=""field field-name-field-nodes-related field-type-node-reference field-label-above""><div class=""field-label"">Contenidos Relacionados:&nbsp;</div><div class=""field-items""><div class=""field-item even""><a href=""/funcion/acusan-al-papa-de-britney-spears-de-abusar-fisicamente-de-su-nieto/1334251"">Acusan al papá de Britney Spears de abusar físicamente de su nieto</a></div><div class=""field-item odd""><a href=""/funcion/asi-habria-sido-iron-man-con-tom-cruise-de-protagonista/1334440"">Así habría sido Iron Man con Tom Cruise de protagonista</a></div><div class=""field-item even""><a href=""/trending/es-la-ultima-vez-que-me-tocas-joven-le-pega-a-mujer-que-lo-molestaba-en-escuela/1334407"">&#039;Es la última vez que me tocas&#039;; joven le pega a mujer que lo molestaba en escuela</a></div></div></div>","Wed, 04 Sep 2019 20:27:19 +0000",jorge.villarello
3,Anuncian nueva estrategia para programa de Pueblos Mágicos,https://www.excelsior.com.mx/nacional/anuncian-nueva-estrategia-para-programa-de-pueblos-magicos/1334444,"<div class=""field field-name-field-image-portada-grande field-type-image field-label-hidden""><div class=""field-items""><div class=""field-item even""><img typeof=""foaf:Image"" src=""//cdn2.excelsior.com.mx/media/styles/imagen_portada_grande/public/pictures/2019/09/04/2213138.jpg"" width=""664"" height=""498"" alt=""Anuncian nueva estrategia para programa de Pueblos Mágicos"" title=""Foto: Archivo"" /></div></div></div><div class=""field field-name-field-autor field-type-text field-label-hidden""><div class=""field-items""><div class=""field-item even"">Enrique Sánchez</div></div></div><div class=""field field-name-body field-type-text-with-summary field-label-hidden""><div class=""field-items""><div class=""field-item even"" property=""content:encoded""><p>CIUDAD DE MÉXICO</p>
a partir de un Tianguis Turístico que se realizara en la última semana del mes de octubre en Hidalgo, donde se espera la asistencia de 130 mil visitantes.</p>
<p>Informó que hoy la Secretaría de Desarrollo Agrario, Territorial y Urbano (Sedatu) se encarga de dotar de mayor infraestructura a los lugares que así lo requieren y se esperaría aumentar el número de plazas durante el sexenio que hoy es de 121.</p>
<p>El funcionario justificó la desaparición del Consejo de Promoción Turística y el que ahora las embajadas y consulados se encarguen de la promoción turística a nivel mundial.</p>
en el sureste.</p>
<p>Dijo que hoy la política turística se concibe desde la vocación social.</p>
<blockquote><p>El presidente de la República considera al turismo como una herramienta de reconciliación social, ya no se pueden seguir dando esas grandes diferencias de paraísos turísticos conviviendo con infiernos de marginación"", afirmó.</p>
</blockquote>
que tiene como objetivo hacer ""tiros de precisión"" ante países que interesan para lograr acuerdos y convenios para fomentar un mayor interés en los visitantes extranjeros que permitan elevar las cifras de recepción de divisas.</p>
<p> </p>
<p><iframe allow=""accelerometer; autoplay; encrypted-media; gyroscope; picture-in-picture"" allowfullscreen="""" frameborder=""0"" height=""315"" src=""https://www.youtube.com/embed/HO_6rB4oiuI"" width=""100%""></iframe></p>
<p> </p>
<div class=""media media-element-container media-default""><a href=""https://www.excelsior.com.mx/galerias"" target=""_blank""><img alt="""" class=""media-element file-default"" data-delta=""1"" height=""60"" src=""//cdn2.excelsior.com.mx/media/inside-the-note/pictures/2019/07/31/pleca_galerias_1_0.png"" typeof=""Image"" width=""580"" /></a></div>
<p> </p>
<p>jcs</p>
</div></div></div><div class=""field field-name-field-nodes-related field-type-node-reference field-label-above""><div class=""field-label"">Contenidos Relacionados:&nbsp;</div><div class=""field-items""><div class=""field-item even""><a href=""/nacional/estos-son-los-10-nuevos-pueblos-magicos-en-mexico/1271144"">Estos son los 10 nuevos Pueblos Mágicos en México</a></div><div class=""field-item odd""><a href=""/adrenalina/cdmx-albergara-dos-duelos-de-nba-de-fase-regular/1334429"">CDMX albergará dos duelos de NBA de fase regular</a></div></div></div>","Wed, 04 Sep 2019 20:20:10 +0000",j.carlos.segundo
4,"Sin reparar, más de 68% de viviendas dañadas en Ecatzingo por 19S",https://www.excelsior.com.mx/comunidad/sin-reparar-mas-de-68-de-viviendas-danadas-en-ecatzingo-por-19s/1334443,"<div class=""field field-name-field-image-portada-grande field-type-image field-label-hidden""><div class=""field-items""><div class=""field-item even""><img typeof=""foaf:Image"" src=""//cdn2.excelsior.com.mx/media/styles/imagen_portada_grande/public/pictures/2019/09/04/2213135.jpg"" width=""664"" height=""498"" alt=""Sin reparar, más de 68% de viviendas dañadas en Ecatzingo por 19S"" title=""Foto: Cuartoscuro/Archivo."" /></div></div></div><div class=""field field-name-field-autor field-type-text field-label-hidden""><div class=""field-items""><div class=""field-item even"">María de los Ángeles Velasco</div></div></div><div class=""field field-name-body field-type-text-with-summary field-label-hidden""><div class=""field-items""><div class=""field-item even"" property=""content:encoded""><p>CIUDAD DE MÉXICO.</p>
han concluido sus reparaciones.</strong></p>
<p>En algunos municipios como Ecatzingo, las viviendas no fueron censadas y todavía hay escuelas e iglesias dañados.</p>
no fueron censadas 100 viviendas, </strong>por lo que familias siguen viviendo en inmuebles dañados lo que los pone en riesgo.</p>
<p>Resaltó que todavía cuentan con por lo menos cinco escuelas dañadas, así como la iglesia de la comunidad que por los daños que tiene no puede ser ocupada. Ante ello los feligreses asisten a misa en una carpa en las inmediaciones.</p>
<p>Los vecinos afectados señalaron que los recursos que recibieron no alcanzaron para reparar los daños que sufrieron sus viviendas, pues los materiales y la mano de obra se encareció.<br />Ante ello, con los propios recursos han tratado de construir nuevamente sus casas o repararlas, pero han sido insuficientes</p>
<blockquote><p>La construcción se quedó a medias ya no tenemos recursos, pues actualmente con los ingresos que trabajamos nosotros, es lo que nos sustenta a nosotros por la construcción que se quedó parada y para seguir actualmente llegamos a construir la mitad de la casa ahorita con los recursos hasta aquí hemos llegado”, añadió Alejandro Anastasio, damnificado del sismo del 19 de septiembre.</p>
</blockquote>
<p>En las calles de este municipio se ven muchas construcciones nuevas en obra negra o en proceso, pero paradas a un costado carpas o casas de madera donde se resguardan, en tanto logran concluir sus reparaciones</p>
<blockquote><p>Ahorita cocino aquí en lo que acabamos de componer y esa cocinita la voy agarrar como cocina de humo porque aquí hace frío llueve si se siente frío, más porque luego vienen los niños mis nietos”, apuntó Paula, quien tiene que cocinar en una carpa.</p>
</blockquote>
<p>Gabriel Casillas titular del Instituto Mexiquense de la Vivienda Social, detalló que actualmente solo cerca dos mil 300 viviendas de las siete 050 viviendas afectadas en el estado, han concluido al 100 por ciento sus remodelaciones, el resto llevan un avance del 25 al 75 por ciento.</p>
<p>Además de reconocer que serán alrededor de 300 viviendas que <strong>no recibieron tipo de apoyo en el estado.</strong></p>
<p>Ante ello, el gobierno federal asignó 100 millones de pesos para continuar con la reconstrucción e incluir a familias que no fueron censadas, según señaló David Ricardo Cervantes, subsecretario de Ordenamiento Territorial de la Secretaría de Desarrollo Agrario, Territorial y Urbano.</p>
<blockquote><p>En el caso de Ecatzingo hay una inversión superior a los 100 millones de pesos de las acciones que se van a llevar a cabo que contabilizando lo que son las viviendas las escuelas templo son más de 700 acciones que se van a llevar a cabo la mayoría de ellas en vivienda.”, apuntó durante un recorrido por este municipio ubicado en las faldas del volcán Popocatépetl.</p>
</blockquote>
<p> </p>
<h3>TE PUEDE INTERESAR. </h3>
<p> </p>
<p><a href=""https://www.excelsior.com.mx/comunidad/caida-de-techo-en-gasolinera-deja-dos-heridos-y-autos-danados/1334423"">Caída de techo en gasolinera deja dos heridos y autos dañados</a></p>
<p><a href=""https://www.excelsior.com.mx/comunidad/las-mujeres-y-el-metro-de-la-cdmx-asi-festejan-50-anos/1334421"">Las mujeres y el Metro de la CDMX, así festejan 50 años</a></p>
<p> </p>
<p>sarr </p>
</div></div></div><div class=""field field-name-field-nodes-related field-type-node-reference field-label-above""><div class=""field-label"">Contenidos Relacionados:&nbsp;</div><div class=""field-items""><div class=""field-item even""><a href=""/comunidad/ecatzingo-busca-cambiar-ruta-de-evacuacion-por-el-popo/1319569"">Ecatzingo busca cambiar ruta de evacuación por el &#039;Popo&#039;</a></div><div class=""field-item odd""><a href=""/comunidad/don-goyo-pone-en-riesgo-a-10-mil-habitantes-de-ecatzingo/1304654"">‘Don Goyo’ pone en riesgo a 10 mil habitantes de Ecatzingo </a></div><div class=""field-item even""><a href=""/comunidad/2017/09/22/1190056"">Piden ayuda para Ecatzingo; hay 500 familias afectadas tras sismo</a></div></div></div>","Wed, 04 Sep 2019 20:16:34 +0000",selene.alonzo
5,Hombre aventó a su esposa contra camión; este será su castigo,https://www.excelsior.com.mx/global/hombre-avento-a-su-esposa-contra-camion-este-sera-su-castigo/1334442,"<div class=""field field-name-field-image-portada-grande field-type-image field-label-hidden""><div class=""field-items""><div class=""field-item even""><img typeof=""foaf:Image"" src=""//cdn2.excelsior.com.mx/media/styles/imagen_portada_grande/public/pictures/2019/09/04/2213131.jpg"" width=""664"" height=""498"" alt=""Hombre aventó a su esposa contra camión; este será su castigo"" title=""El hombre empujó a su pareja contra un camión cuando discutían sobre la pensión de su hija. Foto: Pixabay"" /></div></div></div><div class=""field field-name-field-autor field-type-text field-label-hidden""><div class=""field-items""><div class=""field-item even"">EFE / Foto: Pixabay</div></div></div><div class=""field field-name-body field-type-text-with-summary field-label-hidden""><div class=""field-items""><div class=""field-item even"" property=""content:encoded""><p>GUATEMALA.</p>
a un camión cuando discutían por la manutención de la hija que tenían en común.</p>
culpable de un delito de femicidio.</p>
<p><a href=""https://www.excelsior.com.mx/global/mujer-tira-varios-perritos-a-la-basura-este-sera-su-castigo/1330629"" target=""_blank""><strong>Mujer tira varios perritos a la basura; este será su castigo</strong></a></p>
<p>La investigación, realizada por la <strong>Fiscalía de contra el Delito de Femicidio del Ministerio Público</strong>, indica que los hechos tuvieron lugar el 21 de octubre de 2017, cuando el hombre discutió con su conviviente, quien le solicitaba dinero para la manutención de la pequeña.</p>
y tirándola al suelo.</p>
<p><a href=""https://www.excelsior.com.mx/comunidad/camion-de-basura-atropella-y-mata-a-mujer-policia-en-coyoacan/1333711"" target=""_blank""><strong>Camión de basura atropella y mata a mujer policía en Coyoacán</strong></a></p>
<p>Para defenderse de la agresión, la víctima le quitó la camiseta a su agresor, <strong>que se volvió más violento y cuando </strong>vio que un tráiler pasaba por la carretera la empujó hacia el asfalto.</p>
<p>Ahí fue cuando las ""llantas traseras del vehículo pesado"" la atropellaron y le provocaron la muerte.</p>
<p><a href=""https://www.excelsior.com.mx/nacional/caen-2-hermanos-por-golpear-y-atropellar-a-automovilista/1332880"" target=""_blank""><strong>Caen 2 hermanos por golpear y atropellar a automovilista</strong></a></p>
durante el año 2018 (2.1 al día), lo que representa un aumento del 3.80 por ciento frente a 2017, cuando se registraron 765 fallecimientos de mujeres asociados a ""hechos criminales"".</p>
<p>Según el Informe Anual Circunstanciado de Actividades y Situación de Derechos Humanos 2018 del <strong>Procurador de los Derechos Humanos de Guatemala</strong>, de las 794 mujeres asesinadas el año pasado el 84.25 por ciento tenía edades comprendidas entre los 13 y los 59 años.</p>
<p>En 2017, la Fiscalía recibió 57.315 denuncias por violencia contra la mujer, mientras que el año pasado, hasta octubre, se habían registrado 48.426 denuncias.</p>
<div>
<div><a href=""https://www.excelsior.com.mx/galerias"" target=""_blank""><img alt="""" data-delta=""2"" height=""60"" src=""https://cdn2.excelsior.com.mx/media/inside-the-note/pictures/2019/08/01/whatsapp_image_2019-07-31_at_20.11.08.jpeg"" typeof=""Image"" width=""580"" /></a></div>
<div> </div>
</div>
<div>TE PUEDE INTERESAR:</div>
<div>
<p><strong><a href=""https://www.excelsior.com.mx/global/empujan-a-joven-a-las-vias-del-metro-difunden-video/1328158"" target=""_blank"">Empujan a joven a las vías del Metro; difunden video</a></strong></p>
<p><strong><a href=""https://www.excelsior.com.mx/funcion/publican-conmovedora-foto-de-don-ramon-en-el-hospital/1329668"" target=""_blank"">Publican conmovedora foto de 'Don Ramón' en el hospital</a></strong></p>
<p><strong><a href=""https://www.excelsior.com.mx/global/pareja-de-enamorados-cae-de-puente-por-echar-novio/1328866"" target=""_blank"">Pareja de enamorados cae de puente por 'echar novio'</a></strong></p>
<p><strong><a href=""https://www.excelsior.com.mx/global/el-aterrador-hallazgo-dentro-del-estomago-de-un-cocodrilo/1327999"" target=""_blank"">El aterrador hallazgo dentro del estómago de un cocodrilo</a></strong></p>
<p><strong><a href=""https://www.excelsior.com.mx/nacional/este-es-el-peor-error-que-puedes-cometer-en-un-cajero-automatico/1329531"" target=""_blank"">Este es el peor error que puedes cometer en un cajero automático</a></strong></p>
<p><strong><a href=""https://www.excelsior.com.mx/trending/dos-chimpances-banan-a-un-perrito-el-video-alegrara-tu-dia/1329654"" target=""_blank"">Dos chimpancés bañan a un perrito; el video alegrará tu día</a></strong></p>
</div>
<div> </div>
<div><a href=""http://www.excelsior.com.mx/ultima-hora"" target=""_blank""><img alt="""" data-delta=""2"" src=""https://cdn2.excelsior.com.mx/media/inside-the-note/pictures/2019/07/04/pleca_ultima_hora.jpg"" typeof=""Image"" /></a></div>
<div> </div>
<div> </div>
<div>▷emb</div>
<div> </div>
<div> </div>
</div></div></div><div class=""field field-name-field-nodes-related field-type-node-reference field-label-above""><div class=""field-label"">Contenidos Relacionados:&nbsp;</div><div class=""field-items""><div class=""field-item even""><a href=""/global/nina-de-12-anos-atropella-y-mata-a-un-hombre-en-eu/1331168"">Niña de 12 años atropella y mata a un hombre en EU</a></div><div class=""field-item odd""><a href=""/comunidad/detienen-a-senor-por-atropellar-a-policia-en-alcoholimetro-de-coyoacan/1330887"">Detienen a señor por atropellar a policía en alcoholímetro de Coyoacán</a></div><div class=""field-item even""><a href=""/comunidad/policia-en-moto-atropella-a-abuelito-en-avenida-revolucion/1330846"">Policía en moto atropella a abuelito en avenida Revolución</a></div></div></div>","Wed, 04 Sep 2019 20:14:20 +0000",eduardo.morales
6,Vergonzoso intentar retener presidencia en Diputados: López Obrador,https://www.excelsior.com.mx/nacional/vergonzoso-intentar-retener-presidencia-en-diputados-lopez-obrador/1334441,"<div class=""field field-name-field-image-portada-grande field-type-image field-label-hidden""><div class=""field-items""><div class=""field-item even""><img typeof=""foaf:Image"" src=""//cdn2.excelsior.com.mx/media/styles/imagen_portada_grande/public/pictures/2019/09/04/2213127.jpg"" width=""664"" height=""498"" alt=""El presidente aseveró que la cuarta transformación de México no es una simulación y por ello debe acabarse con las componendas y cumplir con la ley. Foto: Notimex"" title=""El presidente aseveró que la cuarta transformación de México no es una simulación y por ello debe acabarse con las componendas y cumplir con la ley. Foto: Notimex"" /></div></div></div><div class=""field field-name-field-autor field-type-text field-label-hidden""><div class=""field-items""><div class=""field-item even"">Isabel González</div></div></div><div class=""field field-name-body field-type-text-with-summary field-label-hidden""><div class=""field-items""><div class=""field-item even"" property=""content:encoded""><p>CIUDAD DE MÉXICO.</p>
<p class=""letter-capitular"">El presidente de la República, <strong>Andrés Manuel López Obrador</strong>, calificó de vergonzosa la pretensión del <strong>Movimiento de Regeneración Nacional (Morena) </strong>de retener por segundo año consecutivo la presidencia de la mesa directiva de la cámara de diputados.</p>
<p>Al celebrar la renuncia de <strong>Porfirio Muñoz Ledo </strong>al frente del organismo camaral, el jefe del ejecutivo federal aseveró que la cuarta transformación de México no es una simulación y por ello debe acabarse con las componendas y cumplir con la ley.</p>
<blockquote><p>Que se acabe con la simulación, esa máxima de que la ley se respeta en la forma para violarse en el fondo; nadie puede estar por encima de la ley, al margen de la ley nada y por encima de la ley nadie; yo celebro aunque corresponde a otro poder el que se haya resuelto respetar la ley en el caso del poder legislativo ; es decir que no se haya modificado la ley orgánica en el poder legislativo porque eso no debe de permitirse"".</p>
</blockquote>
<p>El presidente subrayó que su movimiento no llegó al poder para hacer lo mismo que hacían sus antecesores, sino para imponer un verdadero estado de derecho.</p>
<blockquote><p>Imagínense si nosotros, que estamos planteando una transformación, permitimos eso, o un partido que porque tiene mayoría puede aprovechar para modificar una ley en beneficio personal, en beneficio de grupo, en beneficio de una facción, pues eso es retroceso.</p>
</blockquote>
<blockquote><p>Yo celebro que esto se haya resuelto bien. Yo no podía meterme, pero era una vergüenza"" expresó.</p>
</blockquote>
donde hay una controversia por ampliar de 2 a 5 años el mandato del gobernador electo, Jaime Bonilla.</p>
<p> </p>
<h3>Debe reducirse el número de legisladores</h3>
<p> </p>
<p>Luego de fijar postura por la renuncia voluntaria de Muñoz Ledo, el presidente se mostró a favor de la iniciativa de <strong>reducir el número de legisladores </strong>en el Congreso de la Unión.</p>
y el mismo caso es para los poderes.</p>
<blockquote><p>Se tiene que aplicar una política de austeridad republicana de estado y reducir los gastos manteniendo principios y llevando a la práctica la democracia"" indicó el presidente al aclarar que deben respetarse a todas las minorías.</p>
</blockquote>
<p>jcp</p>
</div></div></div><div class=""field field-name-field-nodes-related field-type-node-reference field-label-above""><div class=""field-label"">Contenidos Relacionados:&nbsp;</div><div class=""field-items""><div class=""field-item even""><a href=""/nacional/lopez-obrador-no-descarta-consulta-sobre-corridas-de-toros/1334386"">López Obrador no descarta consulta sobre corridas de toros</a></div><div class=""field-item odd""><a href=""/nacional/se-reunira-lopez-obrador-con-lideres-sindicales-de-eu/1334380"">Se reunirá López Obrador con líderes sindicales de EU</a></div><div class=""field-item even""><a href=""/nacional/arranca-lopez-obrador-su-mensaje-matutino/1334309"">Arranca López Obrador su mensaje matutino </a></div></div></div>","Wed, 04 Sep 2019 19:57:27 +0000",jcarlos.ponce
7,Así habría sido Iron Man con Tom Cruise de protagonista,https://www.excelsior.com.mx/funcion/asi-habria-sido-iron-man-con-tom-cruise-de-protagonista/1334440,"<div class=""field field-name-field-image-portada-grande field-type-image field-label-hidden""><div class=""field-items""><div class=""field-item even""><img typeof=""foaf:Image"" src=""//cdn2.excelsior.com.mx/media/styles/imagen_portada_grande/public/pictures/2019/09/04/2213125.jpg"" width=""664"" height=""498"" alt=""Cruise de ninguna forma logra superar a Downey Jr."" title=""Cruise de ninguna forma logra superar a Downey Jr."" /></div></div></div><div class=""field field-name-field-autor field-type-text field-label-hidden""><div class=""field-items""><div class=""field-item even"">Europa Press. Fotos Instagram: tomcruise</div></div></div><div class=""field field-name-body field-type-text-with-summary field-label-hidden""><div class=""field-items""><div class=""field-item even"" property=""content:encoded""><p>ESTADOS UNIDOS.</p>
<p class=""letter-capitular"">A día de hoy, tras más de una <strong>década de brillante interpretación de Robert Downey Jr. como Tony Stark</strong>, es difícil imaginarse otro Iron Man en el Universo Marvel. Aunque los tiempos del actor en el MCU ya han terminado, su recuerdo sigue imborrable entre los fans. Pero, ¿qué habría pasado si en lugar de Downey Jr. Marvel hubiese fichado a Tom Cruise?</p>
<ul><li><a href=""https://www.excelsior.com.mx/funcion/si-era-cierto-yolanda-andrade-confirma-que-se-caso-con-veronica-castro/1334383"">¡Sí era cierto! Yolanda Andrade confirma que se casó con Verónica Castro</a></li>
ahora los fans pueden imaginar cómo serían algunos de los mejores momentos de Tony Stark en un mundo paralelo donde el protagonista de Misión: Imposible hubiese sido el elegido.</p>
de ninguna forma logra superar a Downey Jr</strong>. Las cosas como son.</p>
<p> </p>
<img class=""media-element file-style-embed-nota"" data-delta=""1"" typeof=""foaf:Image"" src=""//cdn2.excelsior.com.mx/media/styles/imagen-embed-nota/public/inside-the-note/pictures/2019/09/04/asi_habria_sido_iron_man_con_tom_cruise_de_protagonista_2.png"" width=""480"" height=""366"" alt="""" title="""" /></div>
<p> </p>
había versiones anteriores del guion donde Tony lograba sobrevivir.</strong></p>
a la conocida como Saga del Infinito. En una entrevista con Canada.com los escritores explicaron cómo fue la difícil decisión de matar a un personaje tan carismático como Iron Man.</p>
<blockquote><p>No estábamos allí para matar a los personajes. Nos dijeron 'si la historia lo exige, puedes sacar a gente del tablero. Pero si hay una buena historia que contar y nadie muere, adelante, cuéntala también'. En Endgame estábamos intentando terminar los arcos argumentales de Iron Man, y que abandonara su vida y se sacrificara para salvar al universo parecía un cierre narrativo realmente bueno para el playboy multimillonario que ha estado aprendiendo a ser mejor persona en el transcurso de varias películas"", sentenció el guionista Markus.</p>
</blockquote>
<p><iframe allow=""accelerometer; autoplay; encrypted-media; gyroscope; picture-in-picture"" allowfullscreen="""" frameborder=""0"" height=""315"" src=""https://www.youtube.com/embed/iDM69UEyM3w"" width=""560""></iframe></p>
<p><a href=""https://www.excelsior.com.mx/galerias"" target=""_blank""><img alt="""" data-delta=""2"" height=""60"" src=""https://cdn2.excelsior.com.mx/media/inside-the-note/pictures/2019/08/01/whatsapp_image_2019-07-31_at_20.11.08.jpeg"" typeof=""Image"" width=""580"" /></a></p>
<p> </p>
<p><strong>TAMBIÉN PUEDE INTERESARTE:  </strong></p>
<p><a href=""https://www.excelsior.com.mx/funcion/joaquin-phoenix-recibe-ocho-minutos-de-aplausos-en-venecia-por-joker/1333700"">Joaquin Phoenix recibe ocho minutos de aplausos en Venecia por 'Joker'</a></p>
<p><a href=""https://www.excelsior.com.mx/funcion/el-chapo-habria-pedido-una-cita-romantica-con-belinda/1333666"">'El Chapo' habría pedido una cita 'romántica' con Belinda</a></p>
<p><a href=""https://www.excelsior.com.mx/trending/hermanas-se-pierden-en-la-selva-y-piden-ayuda-con-divertido-video/1333574"">Hermanas se pierden en la selva y piden ayuda con divertido video</a></p>
<p><a href=""https://www.excelsior.com.mx/trending/mujer-vegana-denuncia-a-sus-vecinos-por-mal-olor-de-su-carne-asada/1334220"">Mujer vegana denuncia a sus vecinos por mal olor de su carne asada</a></p>
<p><a href=""https://www.excelsior.com.mx/funcion/lucero-festeja-sus-50-anos-con-video-a-sus-fans-y-luciendo-cuerpazo/1333395"">Lucero festeja sus 50 años con video a sus fans y luciendo cuerpazo</a></p>
<p><a href=""https://www.excelsior.com.mx/funcion/ariana-grande-mete-demanda-millonaria-a-forever-21-por-usar-a-una-doble/1334197"">Ariana Grande mete demanda millonaria a Forever 21 por usar a una doble</a></p>
<p><a href=""https://www.excelsior.com.mx/funcion/las-escenas-de-charles-manson-que-elimino-tarantino/1333671"">Las escenas de Charles Manson que eliminó Tarantino</a></p>
<p><a href=""https://www.excelsior.com.mx/trending/mujer-prefirio-donar-su-rinon-a-un-desconocido-que-a-su-abuelo-y-con-justa-razon/1334247"">Mujer prefirió donar su riñón a un desconocido que a su abuelo... y con justa razón</a></p>
<p><a href=""https://www.excelsior.com.mx/trending/cuanta-crueldad-abandonan-a-perrito-dentro-de-caja-en-central-de-autobuses/1334243"">¡Cuánta crueldad! Abandonan a perrito dentro de caja en Central de Autobuses</a></p>
<p> </p>
<p><a href=""http://www.excelsior.com.mx/ultima-hora"" target=""_blank""><img alt="""" data-delta=""2"" height=""50"" src=""https://cdn2.excelsior.com.mx/media/inside-the-note/pictures/2019/07/04/pleca_ultima_hora.jpg"" typeof=""Image"" width=""580"" /></a></p>
<p>jvc</p>
</div></div></div><div class=""field field-name-field-nodes-related field-type-node-reference field-label-above""><div class=""field-label"">Contenidos Relacionados:&nbsp;</div><div class=""field-items""><div class=""field-item even""><a href=""/funcion/kevin-spacey-se-echa-palomazo-y-canta-la-bamba-en-despedida-de-soltera/1334395"">Kevin Spacey se echa &#039;palomazo&#039; y canta La Bamba en despedida de soltera</a></div><div class=""field-item odd""><a href=""/funcion/hay-demasiada-locura-la-critica-es-favorable-para-it-2/1334426"">&#039;Hay demasiada locura&#039;; la crítica es favorable para It 2</a></div><div class=""field-item even""><a href=""/funcion/rihanna-ayudara-con-su-fundacion-a-victimas-de-huracan-dorian/1334414"">Rihanna ayudará con su fundación a víctimas de huracán Dorian</a></div></div></div>","Wed, 04 Sep 2019 19:55:55 +0000",jorge.villarello
8,Condiciona Morena a PAN para dejarle presidencia de Diputados,https://www.excelsior.com.mx/nacional/condiciona-morena-a-pan-para-dejarle-presidencia-de-diputados/1334439,"<div class=""field field-name-field-image-portada-grande field-type-image field-label-hidden""><div class=""field-items""><div class=""field-item even""><img typeof=""foaf:Image"" src=""//cdn2.excelsior.com.mx/media/styles/imagen_portada_grande/public/pictures/2019/09/04/2213120.jpg"" width=""664"" height=""498"" alt=""Condiciona Morena a PAN para dejarle presidencia de Diputados "" title=""Foto: Cuartoscuro "" /></div></div></div><div class=""field field-name-field-autor field-type-text field-label-hidden""><div class=""field-items""><div class=""field-item even"">Iván E. Saldaña y Aurora Zepeda</div></div></div><div class=""field field-name-body field-type-text-with-summary field-label-hidden""><div class=""field-items""><div class=""field-item even"" property=""content:encoded""><p>CIUDAD DE MÉXICO</p>
para dejarle esa posición, y además con menos facultades.</p>
<blockquote><p>Ustedes saben que la presidencia se aprueba por dos terceras partes y vamos a ejercer nuestro poder de voto. No va a pasar cualquier personaje, cualquier perfil. Nadie que haya ofendido a Porfirio o nadie que haya ofendido al presidente de la República”, señalaron.</p>
</blockquote>
<p>El pasado 31 de agosto fue rechazada por el Pleno la propuesta de que los panistas Xavier Azuara y Laura Rojas asumieran la presidencia de la Cámara en periodos de seis meses cada uno.</p>
<p>Sin embargo, de acuerdo a morenistas consultados por Excélsior, la mayoría en su bancada rechaza a Xavier Azuara y aprueban a Laura Rojas.</p>
<p>Este miércoles, <strong>Mario Delgado </strong>reconoció que están retirando sus aspiraciones de retener la presidencia “para demostrar que son diferentes” a las mayorías que en su tiempo tuvo el PRI, aunque estuvieron a punto de aprobar una reforma para extender su mandato y se confrontaron con la oposición los últimos cinco días.</p>
<blockquote><p>Un cargo, por más importante que sea, nunca será más importante que la agenda de la transformación. Como dice el presidente de la República, los compromisos se cumplen, y la ley se cumple con convicción. Al margen de la ley nada, por encima de la ley nadie”, dijo en conferencia.</p>
</blockquote>
<p>Agregó que no tienen nada de que avergonzarse, “la lucha que dimos ayer por que Morena tenga un mayor peso en el tiempo en el que se tiene la presidencia de la Cámara es algo que no hemos cambiado y lo mismo que defendemos el derecho de las minorías a tener la presidencia de la Mesa”.</p>
<p>Hoy el Pleno procederá a votar la reforma al artículo 17 de la Ley Orgánica, para que la bancada con mayoría absoluta ejerza la presidencia de la Cámara tres semestres y la otra mitad de la legislatura tres bancadas más, en periodos proporcionales.</p>
<p>Sin embargo, Mario Delgado dijo que le agregarán dos transitorios, uno para que dicha reforma entre en vigor en la siguiente Legislatura, la LXV; el segundo transitorio es para quitarle inmediatamente a partir de su aprobación la facultad al presidente de la Mesa de remover al jurídico, lo que le quitará atribuciones al sucesor de Porfirio Muñoz Ledo.</p>
<p> </p>
<p><iframe allow=""accelerometer; autoplay; encrypted-media; gyroscope; picture-in-picture"" allowfullscreen="""" frameborder=""0"" height=""315"" src=""https://www.youtube.com/embed/PyIcErxd9-w"" width=""100%""></iframe></p>
<div> </div>
<div> </div>
<div><a href=""http://www.excelsior.com.mx/ultima-hora"" target=""_blank""><img alt="""" data-delta=""2"" height=""50"" src=""https://cdn2.excelsior.com.mx/media/inside-the-note/pictures/2019/07/04/pleca_ultima_hora.jpg"" typeof=""Image"" width=""580"" /></a></div>
<p> </p>
<div>
<div id=""contenido"">
<div id=""node-galery-body"">
<p>jcs</p>
</div>
</div>
</div>
</div></div></div><div class=""field field-name-field-nodes-related field-type-node-reference field-label-above""><div class=""field-label"">Contenidos Relacionados:&nbsp;</div><div class=""field-items""><div class=""field-item even""><a href=""/nacional/morena-no-sera-la-nota-discordante-mario-delgado/1334405"">Morena no será la nota discordante: Mario Delgado</a></div><div class=""field-item odd""><a href=""/nacional/munoz-ledo-renuncia-a-la-presidencia-de-la-camara-de-diputados/1334239"">Muñoz Ledo renuncia a la presidencia de la Cámara de Diputados</a></div></div></div>","Wed, 04 Sep 2019 19:50:55 +0000",j.carlos.segundo
9,Una bala perdida mató al niño Brayan; ‘todo por el vandalismo’,https://www.excelsior.com.mx/nacional/una-bala-perdida-mato-al-nino-brayan-todo-por-el-vandalismo/1334438,"ROXY ZAVALA // Foto: Cuartoscuro</div></div></div><div class=""field field-name-body field-type-text-with-summary field-label-hidden""><div class=""field-items""><div class=""field-item even"" property=""content:encoded""><p>PUEBLA</p>
<p class=""letter-capitular"">U<strong>na bala perdida le arrebató la vida a un niño en el estado de Puebla</strong>, esta vez en el municipio de Santa Clara Ocoyucan.</p>
había regresado a la casa de su abuela luego de haber pasado una tarde de risas y diversión con sus amigos.</p>
<p><span class=""article-body-balloon""><a href=""https://www.excelsior.com.mx/nacional/nino-de-12-anos-viola-a-su-primo-de-9-en-puebla/1332936"" target=""_blank""><strong>Niño de 12 años viola a su primo de 9 en Puebla</strong></a></span></p>
<p>Alrededor de las 21:00 horas, Brayan salió a jugar al patio con su bicicleta, cuando un grupo de sujetos a bordo de motocicletas iniciaron un fuego cruzado; una de las balas penetró el pecho de Brayan arrebatándole la vida al instante.</p>
<blockquote><p>Destrozada, destrozada por lo que le hicieron a mi sobrino...  No, así no, era un niño muy lindo que no se merecía esto, todo por el vandalismo y la inseguridad que tenemos en el pueblo"", lamentó la tía de Brayan</p>
</blockquote>
<p><strong>Brayan Méndez</strong>, era hijo de un matrimonio humilde, pero lleno de amor; <strong>su papá se dedica al campo y su mamá es ama de casa</strong>. Sus seres queridos lo recuerdan como un niño alegre, apasionado y cariñoso....</p>
<blockquote><p>Era un niño tranquilo, juguetón como todos los niños, era aplicado y pues desgraciadamente le sucedió esta tragedia que por unos paga un inocente"", recordó José Flores, amigo de la Familia Méndez.</p>
</blockquote>
<p>Llenos de dolor, este martes, los padres de Brayan le dieron el último adiós en el panteón nuevo de Santa Clara Ocoyucan. Asistieron familiares, compañeros de la escuela e integrantes de su equipo de futbol, con quienes pasó su última tarde.</p>
<blockquote><p>Yo quiero que reviva”, dijo uno de sus compañeros.</p>
</blockquote>
<p><em><strong>¿Qué quisieras tú?</strong></em></p>
<blockquote><p>Jugar con él"".</p>
</blockquote>
<blockquote><p>Mi último recuerdo fue cuando él fue allá en el campo, todavía hablamos, jugamos, reímos... se siente triste, ya no convivir con él, se siente feo"", mencionó otro compañero.</p>
</blockquote>
<p>Ahora familiares y amigos piden que se esclarezca este crimen y que se fortalezca la seguridad en el municipio y el estado, pues la muerte de este niño es la segunda que ocurre en menos de 4 meses a causa de una bala perdida.</p>
<img class=""media-element file-default"" data-delta=""1"" typeof=""foaf:Image"" src=""//cdn2.excelsior.com.mx/media/inside-the-note/pictures/2019/09/04/pleca_ultima_hora_10.jpg"" width=""580"" height=""50"" alt="""" /></div></a></p>
<p>asc</p>
</div></div></div><div class=""field field-name-field-nodes-related field-type-node-reference field-label-above""><div class=""field-label"">Contenidos Relacionados:&nbsp;</div><div class=""field-items""><div class=""field-item even""><a href=""/comunidad/conceden-amparo-a-el-puebla-vinculado-en-plagio-de-norberto/1334389"">Conceden amparo a &#039;El Puebla&#039;, vinculado en plagio de Norberto </a></div><div class=""field-item odd""><a href=""/comunidad/un-muerto-y-14-heridos-deja-volcadura-de-combi-en-la-mexico-puebla/1333850"">Un muerto y 14 heridos deja volcadura de combi en la México-Puebla </a></div><div class=""field-item even""><a href=""/nacional/nino-de-12-anos-viola-a-su-primo-de-9-en-puebla/1332936"">Niño de 12 años viola a su primo de 9 en Puebla </a></div><div class=""field-item odd""><a href=""/nacional/anuncian-carrera-todo-mexico-salvando-vidas-en-puebla/1332856"">Anuncian carrera &#039;Todo México Salvando Vidas&#039; en Puebla</a></div></div></div>","Wed, 04 Sep 2019 19:49:23 +0000",angel.salinas
10,Parlamento británico aprueba impedir un Brexit sin acuerdo,https://www.excelsior.com.mx/global/parlamento-britanico-aprueba-impedir-un-brexit-sin-acuerdo/1334437,"<div class=""field field-name-field-image-portada-grande field-type-image field-label-hidden""><div class=""field-items""><div class=""field-item even""><img typeof=""foaf:Image"" src=""//cdn2.excelsior.com.mx/media/styles/imagen_portada_grande/public/pictures/2019/09/04/2213115.jpg"" width=""664"" height=""498"" alt=""Parlamento británico aprueba impedir un Brexit sin acuerdo"" title=""Con esta acción, los legisladores británicos bloquean las intensiones del primer ministro Boris Johnson para abandonar la Unión Europea y hacer efectivo el Brexit. Foto: AFP"" /></div></div></div><div class=""field field-name-field-autor field-type-text field-label-hidden""><div class=""field-items""><div class=""field-item even"">AP / Foto: AFP</div></div></div><div class=""field field-name-body field-type-text-with-summary field-label-hidden""><div class=""field-items""><div class=""field-item even"" property=""content:encoded""><p>REINO UNIDO.</p>
superaron su primer obstáculo el miércoles, aprobando en un principio una propuesta de ley que podría impedir al premier cumplir su promesa de concretar el Brexit en menos de dos meses.</p>
<p>En el segundo día consecutivo de <strong>alboroto parlamentario</strong>, la Cámara de los Comunes votó 327-299 en favor de la medida, <strong>enviándola a la cámara alta del Parlamento</strong>, la Cámara de los Lores. Una versión previa fue aprobada por votación de 329 a favor y 300 en contra.</p>
amenazan con detenerla y postergarla hasta que el tiempo se agote.</p>
<p><a href=""https://www.excelsior.com.mx/nacional/ante-incertidumbre-por-brexit-la-bmv-abre-con-ganancia/1334095"" target=""_blank""><strong>Ante incertidumbre por Brexit, la BMV abre con ganancia</strong></a></p>
que podría traer una separación caótica.</p>
ocasionaría un daño económico irreparable.</p>
<blockquote><p>Queda muy poco tiempo”, comentó el legislador del Partido Laborista, Hilary Benn, mientras presentaba la medida. “El propósito de la iniciativa es muy sencillo: garantizar que Reino Unido no abandone la Unión Europea el 31 de octubre sin un acuerdo”, añadió.</p>
</blockquote>
<p>La propuesta necesitaría que el gobierno británico pida a la UE postergar el Brexit hasta el 31 de enero de 2020, en caso de que no logre concretar un acuerdo con el bloque para finales de octubre.</p>
_un proceso que puede tardar meses_ para finales de esta semana, debido a que Johnson planea suspender las sesiones del Parlamento desde algún momento de la próxima semana hasta el 14 de octubre.</p>
<p>Johnson se convirtió en primer ministro en julio bajo la promesa de sacar a Gran Bretaña de la Unión Europea, superando el estancamiento que ha paralizado la política del país desde que el electorado decidió en junio de 2016 separarse del bloque europeo.</p>
<p><a href=""https://www.excelsior.com.mx/global/ue-pide-a-londres-garantizar-base-democratica-en-el-brexit/1333255"" target=""_blank""><strong>UE pide a Londres garantizar base democrática en el 'brexit'</strong></a></p>
<p>Sin embargo, está atrapado entre la UE, que rechaza volver a negociar el acuerdo que alcanzó con su predecesora Theresa May, y una mayoría de legisladores que se oponen a abandonar la UE sin un acuerdo. Gran parte de los economistas señalaron que un Brexit sin acuerdo de divorcio causaría graves problemas económicos y hundiría a Gran Bretaña a una recesión.</p>
sobre modificaciones al acuerdo </strong>tenían “un progreso considerable”.</p>
<div>
<div><a href=""https://www.excelsior.com.mx/galerias"" target=""_blank""><img alt="""" data-delta=""2"" height=""60"" src=""https://cdn2.excelsior.com.mx/media/inside-the-note/pictures/2019/08/01/whatsapp_image_2019-07-31_at_20.11.08.jpeg"" typeof=""Image"" width=""580"" /></a></div>
<div> </div>
</div>
<div>TE PUEDE INTERESAR:</div>
<div>
<p><strong><a href=""https://www.excelsior.com.mx/global/empujan-a-joven-a-las-vias-del-metro-difunden-video/1328158"" target=""_blank"">Empujan a joven a las vías del Metro; difunden video</a></strong></p>
<p><strong><a href=""https://www.excelsior.com.mx/funcion/publican-conmovedora-foto-de-don-ramon-en-el-hospital/1329668"" target=""_blank"">Publican conmovedora foto de 'Don Ramón' en el hospital</a></strong></p>
<p><strong><a href=""https://www.excelsior.com.mx/global/pareja-de-enamorados-cae-de-puente-por-echar-novio/1328866"" target=""_blank"">Pareja de enamorados cae de puente por 'echar novio'</a></strong></p>
<p><strong><a href=""https://www.excelsior.com.mx/global/el-aterrador-hallazgo-dentro-del-estomago-de-un-cocodrilo/1327999"" target=""_blank"">El aterrador hallazgo dentro del estómago de un cocodrilo</a></strong></p>
<p><strong><a href=""https://www.excelsior.com.mx/nacional/este-es-el-peor-error-que-puedes-cometer-en-un-cajero-automatico/1329531"" target=""_blank"">Este es el peor error que puedes cometer en un cajero automático</a></strong></p>
<p><strong><a href=""https://www.excelsior.com.mx/trending/dos-chimpances-banan-a-un-perrito-el-video-alegrara-tu-dia/1329654"" target=""_blank"">Dos chimpancés bañan a un perrito; el video alegrará tu día</a></strong></p>
</div>
<div> </div>
<div><a href=""http://www.excelsior.com.mx/ultima-hora"" target=""_blank""><img alt="""" data-delta=""2"" src=""https://cdn2.excelsior.com.mx/media/inside-the-note/pictures/2019/07/04/pleca_ultima_hora.jpg"" typeof=""Image"" /></a></div>
<div> </div>
<div> </div>
<div>▷emb</div>
<div> </div>
<div> </div>
</div></div></div><div class=""field field-name-field-nodes-related field-type-node-reference field-label-above""><div class=""field-label"">Contenidos Relacionados:&nbsp;</div><div class=""field-items""><div class=""field-item even""><a href=""/global/boris-johnson-pone-condicion-a-ue-para-brexit-negociado/1326915"">Boris Johnson pone condición a UE para Brexit negociado</a></div><div class=""field-item odd""><a href=""/global/boris-johnson-quiere-brexit-sin-condiciones/1326481"">Boris Johnson quiere Brexit “sin condiciones”</a></div><div class=""field-item even""><a href=""/global/acelera-reino-unido-planes-para-brexit-sin-acuerdo/1327075"">Acelera Reino Unido planes para Brexit sin acuerdo</a></div></div></div>","Wed, 04 Sep 2019 19:48:15 +0000",eduardo.morales
11,Llueve en 8 alcaldías; activan alerta amarilla por granizo y viento,https://www.excelsior.com.mx/comunidad/llueve-en-8-alcaldias-activan-alerta-amarilla-por-granizo-y-viento/1334436,"<div class=""field field-name-field-image-portada-grande field-type-image field-label-hidden""><div class=""field-items""><div class=""field-item even""><img typeof=""foaf:Image"" src=""//cdn2.excelsior.com.mx/media/styles/imagen_portada_grande/public/pictures/2019/09/04/2213123.jpg"" width=""664"" height=""498"" alt=""Llueve en 8 alcaldías; activan alerta amarilla por granizo y viento "" title=""Foto: Cuartoscuro/Archivo."" /></div></div></div><div class=""field field-name-field-autor field-type-text field-label-hidden""><div class=""field-items""><div class=""field-item even"">Redacción </div></div></div><div class=""field field-name-body field-type-text-with-summary field-label-hidden""><div class=""field-items""><div class=""field-item even"" property=""content:encoded""><p>CIUDAD DE MÉXICO.</p>
de Ciudad de México.</p>
<p>La dependencia alertó a través de Twitter que entre las 15:00 y las 19:00 horas se espera lluvia de entre 15 y 29 milímetros y vientos de entre 50 y 59 kilómetros por hora en Álvaro Obregón, Cuajimalpa, Iztacalco Iztapalapa, Magdalena Contreras y Tlalpan,</p>
<p>Por ello recomendó a la població<strong>n cerrar puertas y ventanas</strong>, retirar objetos que pudieran caer y ubicar a las mascotas en zonas de menos riesgo.</p>
<a href=""https://t.co/usm1UrfGrQ"">pic.twitter.com/usm1UrfGrQ</a></p>
<p>— Secretaría de Gestión Integral de Riesgos y PC (@SGIRPC_CDMX) <a href=""https://twitter.com/SGIRPC_CDMX/status/1169327767537631232?ref_src=twsrc%5Etfw"">September 4, 2019</a></p></blockquote>
lluvia ligera </strong>en las alcaldías Iztacalco, Venustiano Carranza, Benito Juárez, Cuauhtémoc, Álvaro Obregón, Magdalena Contreras, Xochimilco y Tlalpan.</p>
<a href=""https://twitter.com/hashtag/C5?src=hash&amp;ref_src=twsrc%5Etfw"">#C5</a>. <a href=""https://t.co/dhkzuetCNx"">pic.twitter.com/dhkzuetCNx</a></p>
<p>— C5 CDMX (@C5_CDMX) <a href=""https://twitter.com/C5_CDMX/status/1169328409765449729?ref_src=twsrc%5Etfw"">September 4, 2019</a></p></blockquote>
<p> </p>
<div><a href=""http://www.excelsior.com.mx/ultima-hora"" target=""_blank""><img alt="""" data-delta=""2"" height=""50"" src=""https://cdn2.excelsior.com.mx/media/inside-the-note/pictures/2019/07/04/pleca_ultima_hora.jpg"" typeof=""Image"" width=""580"" /></a></div>
<p> </p>
<div>
<div id=""contenido"">
<div id=""node-galery-body"">
<h3>TE PUEDE INTERESAR. </h3>
<p> </p>
<p><a href=""https://www.excelsior.com.mx/comunidad/caida-de-techo-en-gasolinera-deja-dos-heridos-y-autos-danados/1334423"">Caída de techo en gasolinera deja dos heridos y autos dañados</a></p>
<p><a href=""https://www.excelsior.com.mx/comunidad/ayudanos-a-encontrar-a-manuel-alejandro-trae-sus-tenis-rojos/1334422"">Ayúdanos a encontrar a Manuel Alejandro, trae sus tenis rojos</a></p>
<p> </p>
<div>
<div><a href=""https://www.excelsior.com.mx/galerias"" target=""_blank""><img alt="""" data-delta=""2"" height=""60"" src=""https://cdn2.excelsior.com.mx/media/inside-the-note/pictures/2019/08/01/whatsapp_image_2019-07-31_at_20.11.08.jpeg"" typeof=""Image"" width=""580"" /></a>
<p> </p>
<p>sarr</p>
<p> </p>
<script async="""" src=""https://platform.twitter.com/widgets.js"" charset=""utf-8""></script></div>
</div>
</div>
</div>
</div>
</div></div></div><div class=""field field-name-field-nodes-related field-type-node-reference field-label-above""><div class=""field-label"">Contenidos Relacionados:&nbsp;</div><div class=""field-items""><div class=""field-item even""><a href=""/global/dorian-avanza-lento-a-eu-pero-con-fuertes-vientos-y-lluvias/1334377"">&#039;Dorian&#039; avanza lento a EU, pero con fuertes vientos y lluvias</a></div><div class=""field-item odd""><a href=""/nacional/cierran-puerto-y-suspenden-clases-en-santa-rosalia-bcs-por-lluvias/1334129"">Cierran puerto y suspenden clases en Santa Rosalía, BCS, por lluvias</a></div><div class=""field-item even""><a href=""/nacional/preven-lluvia-fuerte-en-nl-tamaulipas-y-veracruz-por-ciclon-tropical-7/1334094"">Prevén lluvia fuerte en NL, Tamaulipas y Veracruz por Ciclón Tropical 7</a></div></div></div>","Wed, 04 Sep 2019 19:47:55 +0000",selene.alonzo
12,EU admite que niños separados en frontera sufrieron 'traumas',https://www.excelsior.com.mx/global/eu-admite-que-ninos-separados-en-frontera-sufrieron-traumas/1334435,"<div class=""field field-name-field-image-portada-grande field-type-image field-label-hidden""><div class=""field-items""><div class=""field-item even""><img typeof=""foaf:Image"" src=""//cdn2.excelsior.com.mx/media/styles/imagen_portada_grande/public/pictures/2019/09/04/2213110.jpg"" width=""664"" height=""498"" alt=""EU admite que niños separados en frontera sufrieron &#039;traumas&#039;"" title=""Los niños migrantes que fueron separados de sus padres padecieron graves problemas de salud mental, reconoció el gobierno de Estados Unidos. Foto: AP"" /></div></div></div><div class=""field field-name-field-autor field-type-text field-label-hidden""><div class=""field-items""><div class=""field-item even"">EFE / Foto: AP</div></div></div><div class=""field field-name-body field-type-text-with-summary field-label-hidden""><div class=""field-items""><div class=""field-item even"" property=""content:encoded""><p>ESTADOS UNIDOS.</p>
de sus familiares en la frontera en año <strong>pasado sufrieron problemas mentales</strong>, como estrés postraumático, durante el periodo que estuvieron alejados de sus padres.</p>
(HHS, en inglés), que se <strong>encarga </strong>de supervisar la labor de esta agencia, reveló en un informe, con fecha de ayer, pero dado a conocer este miércoles, que los menores padecieron problemas graves de salud mental.</p>
<p><a href=""https://www.excelsior.com.mx/nacional/con-rayos-gamma-detectan-a-172-migrantes-que-llevaban-en-camion/1334419"" target=""_blank""><strong>Con rayos gamma detectan a 172 migrantes que llevaban en camión</strong></a></p>
al Ejecutivo que contrate </strong>más personal especializado en cuidados mentales.</p>
<p>El informe señala que los cambios en la <strong>política migratoria del país en 2018</strong>, principalmente las medidas de ""tolerancia cero"" promulgadas por el presidente estadounidense, Donald Trump, ""exacerbaron estas preocupaciones"".</p>
<p><a href=""https://www.excelsior.com.mx/nacional/migrantes-retornados-se-refugian-en-puente-de-matamoros/1334358"" target=""_blank""><strong>Migrantes retornados se refugian en puente de Matamoros</strong></a></p>
(ORR) y en un rápido aumento en el número de niños más pequeños, muchos de ellos separados de sus padres.</p>
<p>Washington puso en práctica el año pasado una política de ""tolerancia cero"" respecto a la inmigración, que supuso el alejamiento de miles de menores de sus padres tras su llegada a la frontera.</p>
<p>Dicha estrategia incluía ""enjuiciar"" al 100 % de los indocumentados arrestados al cruzar la frontera ilegalmente y separarlos de sus hijos en caso de viajar con ellos.</p>
<p><a href=""https://www.excelsior.com.mx/global/fustiga-onu-plan-de-trump-para-detener-a-ninos-migrantes/1334323"" target=""_blank""><strong>Fustiga ONU plan de Trump para detener a niños migrantes</strong></a></p>
<p>Trump puso fin a esa política en junio de 2018, tras la decisión de un juez federal, y ordenó que su Gobierno mantuviera juntos a los niños con sus padres o familiares en centros de detención.</p>
<p>Tras entrevistar a 100 médicos expertos en salud mental que trabajaron con los menores separados, el comité encontró que la ""gran cantidad de casos"" registrados limitó la efectividad de los facultativos para abordar las necesidades de los menores.</p>
<blockquote><p>La Oficina de Reasentamiento de Refugiados (ORR) debe desarrollar estrategias para superar los obstáculos para contratar y retener a médicos calificados en salud mental y considerar la carga máxima de casos"", dijo el comité en sus conclusiones.</p>
</blockquote>
""debe proporcionar a los establecimientos una guía para abordar el trauma en la terapia a corto plazo"" con el objetivo de mitigar las consecuencias de los problemas mentales en el futuro.</p>
<p>Este análisis es el primer informe sustancial de una agencia gubernamental sobre cómo la separación familiar bajo la política de ""tolerancia cero"" de la Administración Trump ha afectado la salud mental de los niños.</p>
<p><a href=""https://www.excelsior.com.mx/global/policias-de-eu-piden-a-migrantes-que-confien-en-ellos/1333495"" target=""_blank""><strong>Policías de EU piden a migrantes que confíen en ellos</strong></a></p>
<p>Para elaborarlo, los investigadores acudieron a 45 instalaciones de diez estados durante agosto y septiembre de 2018 y entrevistaron a unos 100 médicos de salud mental que tuvieron interacciones regulares con los niños y el personal.</p>
<p>En el periodo de las entrevistas, había cerca de 9 mil menores en los refugios del Gobierno. <strong>De acuerdo con datos oficiales</strong>, casi el 85 % tenían entre 13 y 17 años, el 13 % tenían entre 6 y 12 años y el 2 % eran pequeños de hasta 5 años.</p>
<p><a href=""https://www.excelsior.com.mx/nacional/rescatan-a-40-migrantes-que-viajaban-hacinados-en-trailer/1332691"" target=""_blank""><strong>Rescatan a 40 migrantes que viajaban hacinados en tráiler</strong></a></p>
<p>Según un informe divulgado en julio por el Congreso de Estados Unidos, al menos 18 bebés menores de dos años de edad fueron separados de sus padres en la frontera con México entre 20 días y 6 meses durante la aplicación de la política de ""tolerancia cero"".</p>
<p>Esa medida impulsada por el entonces fiscal general, Jeff Sessions, fue ampliamente criticada, no solo a nivel nacional, sino también internacional.</p>
<div>
<div><a href=""https://www.excelsior.com.mx/galerias"" target=""_blank""><img alt="""" data-delta=""2"" height=""60"" src=""https://cdn2.excelsior.com.mx/media/inside-the-note/pictures/2019/08/01/whatsapp_image_2019-07-31_at_20.11.08.jpeg"" typeof=""Image"" width=""580"" /></a></div>
<div> </div>
</div>
<div>TE PUEDE INTERESAR:</div>
<div>
<p><strong><a href=""https://www.excelsior.com.mx/global/empujan-a-joven-a-las-vias-del-metro-difunden-video/1328158"" target=""_blank"">Empujan a joven a las vías del Metro; difunden video</a></strong></p>
<p><strong><a href=""https://www.excelsior.com.mx/funcion/publican-conmovedora-foto-de-don-ramon-en-el-hospital/1329668"" target=""_blank"">Publican conmovedora foto de 'Don Ramón' en el hospital</a></strong></p>
<p><strong><a href=""https://www.excelsior.com.mx/global/pareja-de-enamorados-cae-de-puente-por-echar-novio/1328866"" target=""_blank"">Pareja de enamorados cae de puente por 'echar novio'</a></strong></p>
<p><strong><a href=""https://www.excelsior.com.mx/global/el-aterrador-hallazgo-dentro-del-estomago-de-un-cocodrilo/1327999"" target=""_blank"">El aterrador hallazgo dentro del estómago de un cocodrilo</a></strong></p>
<p><strong><a href=""https://www.excelsior.com.mx/nacional/este-es-el-peor-error-que-puedes-cometer-en-un-cajero-automatico/1329531"" target=""_blank"">Este es el peor error que puedes cometer en un cajero automático</a></strong></p>
<p><strong><a href=""https://www.excelsior.com.mx/trending/dos-chimpances-banan-a-un-perrito-el-video-alegrara-tu-dia/1329654"" target=""_blank"">Dos chimpancés bañan a un perrito; el video alegrará tu día</a></strong></p>
</div>
<div> </div>
<div><a href=""http://www.excelsior.com.mx/ultima-hora"" target=""_blank""><img alt="""" data-delta=""2"" src=""https://cdn2.excelsior.com.mx/media/inside-the-note/pictures/2019/07/04/pleca_ultima_hora.jpg"" typeof=""Image"" /></a></div>
<div> </div>
<div> </div>
<div>▷emb</div>
<div> </div>
<div> </div>
</div></div></div><div class=""field field-name-field-nodes-related field-type-node-reference field-label-above""><div class=""field-label"">Contenidos Relacionados:&nbsp;</div><div class=""field-items""><div class=""field-item even""><a href=""/funcion/mel-b-ingresara-a-rehabilitacion-por-estres-postraumatico/1261354"">Mel B ingresará a rehabilitación por estrés postraumático</a></div><div class=""field-item odd""><a href=""/nacional/presentan-modelo-de-cuidados-alternativos-para-ninos-migrantes/1327700"">Presentan ‘modelo de cuidados alternativos’ para niños migrantes</a></div><div class=""field-item even""><a href=""/global/ninos-migrantes-fueron-violados-en-estados-unidos/1330935"">Niños migrantes fueron violados en Estados Unidos</a></div></div></div>","Wed, 04 Sep 2019 19:38:27 +0000",eduardo.morales
13,Investiga SEIDO secuestro de migrantes en NL,https://www.excelsior.com.mx/nacional/investiga-seido-secuestro-de-migrantes-en-nl/1334432,"<div class=""field field-name-field-image-portada-grande field-type-image field-label-hidden""><div class=""field-items""><div class=""field-item even""><img typeof=""foaf:Image"" src=""//cdn2.excelsior.com.mx/media/styles/imagen_portada_grande/public/pictures/2019/09/04/2213100.jpg"" width=""664"" height=""498"" alt=""Investiga SEIDO secuestro de migrantes en NL"" title=""Una denuncia alertó a las autoridades sobre el secuestro de los centroamericanos. Foto: Cuartoscuro"" /></div></div></div><div class=""field field-name-field-autor field-type-text field-label-hidden""><div class=""field-items""><div class=""field-item even"">Ernesto Méndez</div></div></div><div class=""field field-name-body field-type-text-with-summary field-label-hidden""><div class=""field-items""><div class=""field-item even"" property=""content:encoded""><p>CIUDAD DE MÉXICO</p>
realiza diversos trabajos de investigación, tras el rescate de 53 migrantes centroamericanos que permanecían cautivos en <strong>Nuevo León</strong>.</p>
<p><span class=""article-body-balloon"">Te puede interesar: <a href=""https://www.excelsior.com.mx/nacional/rescatan-a-115-migrantes-secuestrados-en-ciudad-juarez/1315581"" target=""_blank"">Rescatan a 115 migrantes secuestrados en Ciudad Juárez</a></span></p>
y la <strong>División de Investigación de la Policía Federal</strong>.</p>
<p>De esta forma, la semana pasada se rescató a 25 hombres, 11 mujeres, nueve niños y ocho niñas, de <strong>nacionalidades guatemalteca, hondureña, ecuatoriana y salvadoreña</strong>.</p>
el MP solicitó y obtuvo una orden de cateo, con lo que se rescató a los migrantes secuestrados.</p>
para que brinde asesoría jurídica a las personas privadas de su libertad.</p>
Comisión Ejecutiva de Atención a Víctimas</strong>.</p>
<p><iframe allow=""accelerometer; autoplay; encrypted-media; gyroscope; picture-in-picture"" allowfullscreen="""" frameborder=""0"" height=""315"" src=""https://www.youtube.com/embed/clySbEbW_Ys"" width=""560""></iframe></p>
<div>
<div><a href=""https://www.excelsior.com.mx/galerias"" target=""_blank""><img alt="""" data-delta=""2"" height=""60"" src=""https://cdn2.excelsior.com.mx/media/inside-the-note/pictures/2019/08/01/whatsapp_image_2019-07-31_at_20.11.08.jpeg"" typeof=""Image"" width=""580"" /></a>
<div> </div>
<div><a href=""http://www.excelsior.com.mx/ultima-hora"" target=""_blank""><img alt="""" data-delta=""2"" src=""https://cdn2.excelsior.com.mx/media/inside-the-note/pictures/2019/07/04/pleca_ultima_hora.jpg"" typeof=""Image"" /></a></div>
<p>*brc</p>
</div>
</div>
</div></div></div><div class=""field field-name-field-nodes-related field-type-node-reference field-label-above""><div class=""field-label"">Contenidos Relacionados:&nbsp;</div><div class=""field-items""><div class=""field-item even""><a href=""/nacional/migrantes-retornados-se-refugian-en-puente-de-matamoros/1334358"">Migrantes retornados se refugian en puente de Matamoros</a></div><div class=""field-item odd""><a href=""/nacional/con-rayos-gamma-detectan-a-172-migrantes-que-llevaban-en-camion/1334419"">Con rayos gamma detectan a 172 migrantes que llevaban en camión</a></div><div class=""field-item even""><a href=""/global/policias-de-eu-piden-a-migrantes-que-confien-en-ellos/1333495"">Policías de EU piden a migrantes que confíen en ellos</a></div></div></div>","Wed, 04 Sep 2019 19:36:24 +0000",beatriz.rodriguez
14,"Ayúdanos a encontrar a 'Samy', salió con su papá y no regresó",https://www.excelsior.com.mx/comunidad/ayudanos-a-encontrar-a-samy-salio-con-su-papa-y-no-regreso/1334431,"<div class=""field field-name-field-image-portada-grande field-type-image field-label-hidden""><div class=""field-items""><div class=""field-item even""><img typeof=""foaf:Image"" src=""//cdn2.excelsior.com.mx/media/styles/imagen_portada_grande/public/pictures/2019/09/04/2213095.jpg"" width=""664"" height=""498"" alt=""Samantha Aguilar Escobedo de 5 años de edad fue vista por última vez en el fraccionamiento Rancho La Capilla, Municipio de Tecámac. Foto: FGJ Edomex"" title=""Samantha Aguilar Escobedo de 5 años de edad fue vista por última vez en el fraccionamiento Rancho La Capilla, Municipio de Tecámac. Foto: FGJ Edomex"" /></div></div></div><div class=""field field-name-field-autor field-type-text field-label-hidden""><div class=""field-items""><div class=""field-item even"">Redacción</div></div></div><div class=""field field-name-body field-type-text-with-summary field-label-hidden""><div class=""field-items""><div class=""field-item even"" property=""content:encoded""><p>CIUDAD DE MÉXICO</p>
<p class=""letter-capitular"">La Fiscalía General de Justicia del Estado de México emitió un boletín de urgencia para localizar a Samantha Aguilar Escobedo de 5 años de edad.</p>
<p>De acuerdo con familiares, <strong>Samantha es hija de padres separados.</strong></p>
<p>El fin de semana, el papá se la llevó, debido a que la frecuentaba regularmente, sin embargo, no la regresó el domingo por la noche conforme a lo acordado.</p>
<p>La pequeña Samantha de 5 años, fue vista por última vez el sábado en el fraccionamiento Rancho La Capilla, en <strong>el Municipio de Tecámac</strong>.</p>
<p>La pequeña vestía pantalón de mezclilla azul marino, tenis azul claro, blusa azul rey con rayas de color blanco.</p>
<p>SAMY, como la llaman sus familiares, mide 1 metro, tez morena clara, cejas pobladas, cara ovalada, de cabello castaño oscuro, corto y lacio.</p>
<p> </p>
<p> </p>
<img class=""media-element file-default"" data-delta=""1"" typeof=""foaf:Image"" src=""//cdn2.excelsior.com.mx/media/inside-the-note/pictures/2019/09/04/alerta-odisea.jpg"" width=""600"" height=""460"" alt="""" /></div>
<p> </p>
<p> </p>
<p>Mira también:</p>
<p><a href=""https://www.excelsior.com.mx/comunidad/gracias-angel-del-cielo-dice-cantante-que-recibe-ayuda-tras-asalto/1334411"">¡Gracias ángel del cielo! Dice cantante que recibe ayuda tras asalto</a></p>
<p><a href=""https://www.excelsior.com.mx/comunidad/abogado-va-a-antro-gotera-lo-droga-y-deja-muerto-en-hotel/1334118"">Abogado va a antro, 'gotera' lo droga y deja muerto en hotel</a></p>
<p><a href=""https://www.excelsior.com.mx/comunidad/metro-celebra-50-anos-google-lo-festeja-con-colorido-doodle/1334320"">Metro celebra 50 años, Google lo festeja con colorido doodle</a></p>
<p><a href=""https://www.excelsior.com.mx/comunidad/a-horas-de-entrar-guardia-nacional-a-tlalpan-viejito-choca-una-unidad/1334344"">A horas de entrar Guardia Nacional a Tlalpan, viejito choca una unidad</a></p>
<p><a href=""https://www.excelsior.com.mx/comunidad/en-50-anos-el-metro-ha-transportado-a-60-mil-millones-de-personas/1334350"">En 50 años el Metro ha transportado a 60 mil millones de personas</a></p>
<p><a href=""https://www.excelsior.com.mx/comunidad/micros-no-quieren-camaras-y-gps-en-transporte-gobierno-insiste/1334353"">'Micros' no quieren cámaras y GPS en transporte, Gobierno insiste</a></p>
<p><a href=""https://www.excelsior.com.mx/comunidad/dan-golpes-y-palazos-a-policia-militar-afuera-de-palacio-nacional/1334356"">Dan golpes y palazos a policía militar afuera de Palacio Nacional</a></p>
<p><a href=""https://www.excelsior.com.mx/comunidad/intentan-linchar-a-sujeto-que-robo-limosnas-de-iglesia-en-chimalpa/1334314"">Intentan linchar a sujeto que robó limosnas de iglesia en Chimalpa</a></p>
<p> </p>
<div><a href=""http://www.excelsior.com.mx/ultima-hora"" target=""_blank""><img alt="""" data-delta=""2"" height=""50"" src=""https://cdn2.excelsior.com.mx/media/inside-the-note/pictures/2019/07/04/pleca_ultima_hora.jpg"" typeof=""Image"" width=""580"" /></a></div>
<p> </p>
<div>
<div id=""contenido"">
<div id=""node-galery-body"">
<p> </p>
<p>GALERÍAS
</p><p> </p>
<div>
<div><a href=""https://www.excelsior.com.mx/galerias"" target=""_blank""><img alt="""" data-delta=""2"" height=""60"" src=""https://cdn2.excelsior.com.mx/media/inside-the-note/pictures/2019/08/01/whatsapp_image_2019-07-31_at_20.11.08.jpeg"" typeof=""Image"" width=""580"" /></a>
<p>*bb</p>
</div>
</div>
</div>
</div>
</div>
</div></div></div><div class=""field field-name-field-nodes-related field-type-node-reference field-label-above""><div class=""field-label"">Contenidos Relacionados:&nbsp;</div><div class=""field-items""><div class=""field-item even""><a href=""/comunidad/buscan-a-aaron-desaparecio-en-el-metro-hidalgo/1334366"">Buscan a Aarón, desapareció en el Metro Hidalgo</a></div></div></div>","Wed, 04 Sep 2019 19:36:07 +0000",blanca.betan
