id,title,link,published,summary,author
0,Pone Morena condiciones para presidencia de AN,http://www.reforma.com/aplicaciones/articulo/default.aspx?id=1761363,"Wed, 04 Sep 2019 13:33:36 CDT","Mario Delgado, coordinador de Morena, dijo que apoyarán que PAN presida Cámara si proponen a alguien que no haya insultado a Muñoz Ledo.",Claudia Salazar
1,Caen tres marinos por huachicol,http://www.reforma.com/aplicaciones/articulo/default.aspx?id=1761391,"Wed, 04 Sep 2019 13:55:58 CDT","Tres marinos fueron puestos a disposición de la FGR por presuntamente sustraer combustible de refinería en Salina Cruz, Oaxaca.",Benito Jiménez
2,Urge IP abasto de electricidad en Península,http://www.reforma.com/aplicaciones/articulo/default.aspx?id=1761442,"Wed, 04 Sep 2019 14:43:05 CDT","En reunión con AMLO, empresarios de Yucatán advirtieron que, para que inversiones se logren, se debe garantizar suministro de electricidad.",Zedryk Raziel
3,Vota GB por frenar Brexit sin acuerdo,http://www.reforma.com/aplicaciones/articulo/default.aspx?id=1761430,"Wed, 04 Sep 2019 14:19:01 CDT","Parlamento británico avanzó ley para bloquear una salida de la UE sin acuerdo, lo que aplazaría Brexit y podría llevar a nueva elección.",The NYT News Service
4,Las canciones que le han dedicado,http://www.reforma.com/aplicaciones/articulo/default.aspx?id=1759875,"Wed, 04 Sep 2019 05:02:27 CDT","Músicos como Café Tacvba, Botellita de Jerez y Chava Flores tomaron al Metro como inspiración para sus canciones.",Arturo Sánchez
5,Recuerda el accidente más grave,http://www.reforma.com/aplicaciones/articulo/default.aspx?id=1759764,"Wed, 04 Sep 2019 05:02:27 CDT",El accidente más grave en la historia del Metro ocurrió el 20 de octubre de 1975 y causó la muerte de 67 pasajeros.,Arturo Sánchez
6,Van contra FGR y jueces por caso Iguala,http://www.reforma.com/aplicaciones/articulo/default.aspx?id=1761047,"Wed, 04 Sep 2019 08:08:03 CDT",Gobierno interpondrá recursos legales para indagar a funcionarios de FGR y jueces que permitieron liberar a implicados en caso Iguala.,Claudia Guerrero
7,Advierte Moody's baja a nota del País,http://www.reforma.com/aplicaciones/articulo/default.aspx?id=1761141,"Wed, 04 Sep 2019 10:19:50 CDT","Calificación soberana de México, actualmente en A3, podría ser degradada por menor crecimiento y presión fiscal de Pemex, advirtió Moody's.",Jorge Cano
8,Presenta Robles amparo contra vinculación,http://www.reforma.com/aplicaciones/articulo/default.aspx?id=1761250,"Wed, 04 Sep 2019 11:58:02 CDT",Rosario Robles presentó un amparo contra su vinculación a proceso por 'Estafa Maestra'; acusa violación a sus garantías.,Rolando Herrera
9,Toca tierra 'Fernand' en Tamaulipas,http://www.reforma.com/aplicaciones/articulo/default.aspx?id=1761303,"Wed, 04 Sep 2019 12:45:49 CDT","La tormenta tropical 'Fernand' tocó tierra en Boca de Catán, Tamaulipas, a 55 km de La Pesca; su trayectoria apunta a Monterrey, NL.",Antonio Baranda y Mirna Ramos
10,Bajará suministro de agua en CDMX y ZMVM,http://www.reforma.com/aplicaciones/articulo/default.aspx?id=1761211,"Wed, 04 Sep 2019 11:20:52 CDT","La próxima semana, CDMX y ZMVM dejarán de recibir dos mil litros por segundo de agua potable del Cutzamala, anunció Conagua.",Iván Sosa
11,Bloquean Circuito entre Ejes 5 y 6,http://www.reforma.com/aplicaciones/articulo/default.aspx?id=1761327,"Wed, 04 Sep 2019 12:53:55 CDT",Comerciantes de la Central de Abastos bloquean ambos sentidos de Río Churubusco entre el Eje 6 Sur y Eje 5 Sur.,REFORMA / Redacción
12,Costará 40 mil mdp modernizar al Metro,http://www.reforma.com/aplicaciones/articulo/default.aspx?id=1761248,"Wed, 04 Sep 2019 11:46:23 CDT","Dejar a punto el Sistema de Transporte Colectivo tendrá un costo de 40 mil millones de pesos, anunció Sheinbaum.",Dalila Sarabia
13,Mide Greenpeace contaminación en Centro,http://www.reforma.com/aplicaciones/articulo/default.aspx?id=1761370,"Wed, 04 Sep 2019 13:38:29 CDT","Con un equipo de monitoreo montado en una bicicleta, Greenpeace midió la contaminación del aire en el Centro Histórico.",Iván Sosa
14,Supera CDMX límite de PM10,http://www.reforma.com/aplicaciones/articulo/default.aspx?id=1760841,"Wed, 04 Sep 2019 05:02:28 CDT","De acuerdo a un estudio de expertos, habitantes de la CDMX respiran hasta cinco veces más PM10, al año, que el límite permisible de la OMS.",Iván Sosa
15,Achacan a pasajeros falta de reglas,http://www.reforma.com/aplicaciones/articulo/default.aspx?id=1760866,"Wed, 04 Sep 2019 05:02:28 CDT",Remeros consideran que regular el alcohol en trajineras es una regla insuficiente porque los pasajeros no respetan las indicaciones.,Samuel Luna
16,Propone PT aplazar ley de ambulantaje,http://www.reforma.com/aplicaciones/articulo/default.aspx?id=1760912,"Wed, 04 Sep 2019 05:07:01 CDT","Circe Camacho, diputada del PT, busca cambiar el plazo que el Congreso tiene para aprobar una ley que regula a comerciantes ambulantes.",Israel Ortega
17,Exhortan a indagar nepotismo en Tribunal,http://www.reforma.com/aplicaciones/articulo/default.aspx?id=1760871,"Wed, 04 Sep 2019 05:02:28 CDT","Contraloría interna del TSJ debería investigar redes familiares de jueces, magistrados y administrativos, expuso el diputado Carlos Castillo",Alejandro León
18,Busca Tabe poner calendario legislativo,http://www.reforma.com/aplicaciones/articulo/default.aspx?id=1760892,"Wed, 04 Sep 2019 05:07:03 CDT","Para cumplir con más de 20 nombramientos y eliminar el rezago de dictámenes, el Congreso capitalino tendrá un calendario de aprobación.",Israel Ortega
19,Padecen violencia candidatas capitalinas,http://www.reforma.com/aplicaciones/articulo/default.aspx?id=1760913,"Wed, 04 Sep 2019 05:07:04 CDT","Durante el proceso electoral del año pasado, candidatas a concejalas y diputadas enfrentaron violencia económica y verbal.",Víctor Juárez
20,Obtiene amparo plagiario de Norberto,http://www.reforma.com/aplicaciones/articulo/default.aspx?id=1761398,"Wed, 04 Sep 2019 14:00:39 CDT",José Emanuel Puebla León consiguió un amparo por el auto de vinculación a proceso por el delito de secuestro agravado de Norberto Ronquillo.,Cristina Hernández
21,Abandonan a tres bebés en la CDMX,http://www.reforma.com/aplicaciones/articulo/default.aspx?id=1761358,"Wed, 04 Sep 2019 13:32:24 CDT","En menos de 24 horas, tres recién nacidos fueron abandonados en distintos puntos de la Ciudad de México.",Liliana Espitia
22,Hallan muerta a quinceañera en Ecatepec,http://www.reforma.com/aplicaciones/articulo/default.aspx?id=1761330,"Wed, 04 Sep 2019 13:02:51 CDT","El cuerpo de una joven, de 15 años, fue hallado en inmueble de la Colonia Sagitario 8, en Ecatepec; había sido reportada como desaparecida.",Liliana Espitia
23,Operan dos grupos criminales en AO-.SSC,http://www.reforma.com/aplicaciones/articulo/default.aspx?id=1761208,"Wed, 04 Sep 2019 11:18:46 CDT","En Álvaro Obregón dos grupos criminales controlan la venta de droga y comisión de delitos. Se trata de ""Los Canchola"" y ""Maestrin"".",Cristina Hernández
24,Intentan linchar a ladrón en Cuajimalpa,http://www.reforma.com/aplicaciones/articulo/default.aspx?id=1761082,"Wed, 04 Sep 2019 08:53:49 CDT",Vecinos de Cuajimalpa intentaron linchar a un joven que ingresó a robar a la Parroquia del poblado San Pablo Chimalpa.,Elthon García
25,...Y lesionan a policía tras agresión,http://www.reforma.com/aplicaciones/articulo/default.aspx?id=1761161,"Wed, 04 Sep 2019 10:32:50 CDT","Un policía de la SSC resultó con golpes, tras mediar en el intento de linchamiento, en San Pablo Chimalpa, en Cuajimalpa.",Cristina Hernández
26,Presentan obra internos del Reno,http://www.reforma.com/aplicaciones/articulo/default.aspx?id=1761376,"Wed, 04 Sep 2019 13:43:51 CDT","Hombres privados de su libertad en el Reclusorio Norte presentaron la obra Tierra Libre, en el Teatro Helénico.",Cristina Hernández
27,Reanuda labores hospital de Iztacalco tras fuga,http://www.reforma.com/aplicaciones/articulo/default.aspx?id=1761304,"Wed, 04 Sep 2019 12:43:54 CDT",Área de Urgencias del Hospital IMSS Troncoso reanudó actividades luego que pacientes fueran desalojados esta madrugada por una fuga de gas.,Dulce Soto
28,Atienden flamazo en la Cuauhtémoc,http://www.reforma.com/aplicaciones/articulo/default.aspx?id=1761179,"Wed, 04 Sep 2019 10:57:45 CDT","Esta mañana se registró un flamazo por acumulación de gas en el interior del restaurante Las Cazuelas de Frida, en la Colonia Cuauhtémoc.",Liliana Espitia
29,Hallan a abogado muerto en hotel de BJ,http://www.reforma.com/aplicaciones/articulo/default.aspx?id=1760249,"Tue, 03 Sep 2019 10:54:08 CDT","Un hombre de 29 años fue encontrado muerto en la habitación de un hotel, en Benito Juárez, donde habría ingresado con una mujer.",Cristina Hernández
30,Toca tierra 'Fernand' en Tamaulipas,http://www.reforma.com/aplicaciones/articulo/default.aspx?id=1761303,"Wed, 04 Sep 2019 12:45:49 CDT","La tormenta tropical 'Fernand' tocó tierra en Boca de Catán, Tamaulipas, a 55 km de La Pesca; su trayectoria apunta a Monterrey, NL.",Antonio Baranda y Mirna Ramos
31,Niega TEPJF presiones por 'Ley Bonilla',http://www.reforma.com/aplicaciones/articulo/default.aspx?id=1761452,"Wed, 04 Sep 2019 14:50:14 CDT","Felipe Fuentes, presidente de TEPJF, dijo que órgano no ha recibido presiones para resolver recurso que presentó Coparmex por 'Ley Bonilla'.",Mayolo López
32,Para CECyTE en 19 estados,http://www.reforma.com/aplicaciones/articulo/default.aspx?id=1761322,"Wed, 04 Sep 2019 13:02:14 CDT",Trabajadores del CECyTE pararon labores en 19 estados en reclamo por el incumplimiento de la Federación en el pago de bonos y salarios.,Óscar Uscanga
33,Exigen restitución de Winckler como Fiscal,http://www.reforma.com/aplicaciones/articulo/default.aspx?id=1761269,"Wed, 04 Sep 2019 12:36:28 CDT","Tras señalar 'golpe de Estado', el senador del PAN Damián Zepeda exigió la restitución inmediata del Fiscal de Veracruz, Jorge Winckler.",Mayolo López
34,Recapturan a asesino de activista en Chihuahua,http://www.reforma.com/aplicaciones/articulo/default.aspx?id=1761138,"Wed, 04 Sep 2019 10:12:04 CDT",Autoridades de Chihuahua recapturaron al presunto homicida del activista rarámuri Juan Ontiveros Ramos luego de ser liberado en abril.,Pedro Sánchez / Corresponsal
35,Acusan a Policía de Coatzacoalcos,http://www.reforma.com/aplicaciones/articulo/default.aspx?id=1760909,"Wed, 04 Sep 2019 05:02:28 CDT","La Policía de Coatzacoalcos opera con irregularidades, influyentismo, corrupción y presuntas ligas al crimen, acusaron mandos estatales.",Benito Jiménez
36,Cuenta Winckler con suspensión contra cese,http://www.reforma.com/aplicaciones/articulo/default.aspx?id=1761193,"Wed, 04 Sep 2019 11:06:02 CDT","Juzgado federal otorgó en enero una suspensión definitiva a Jorge Winckler, Fiscal de Veracruz, ante intentos de destitución ajenos a ley.",Benito Jiménez
37,Deja 'Fernand' sin clases a NL y Tamaulipas,http://www.reforma.com/aplicaciones/articulo/default.aspx?id=1761100,"Wed, 04 Sep 2019 09:45:43 CDT",Autoridades de NL y Tamaulipas ordenaron suspender clases en todos los planteles escolares de la zona ante impacto de la tormenta 'Fernand'.,Antonio Baranda
38,Querían diputados beca de posgrado,http://www.reforma.com/aplicaciones/articulo/default.aspx?id=1760916,"Wed, 04 Sep 2019 05:02:28 CDT","Aún con un sueldo de 109 mil 68 pesos al mes, tres diputados del Congreso de Jalisco pretendían obtener una beca para estudiar un posgrado.",Martín Aquino
39,Separan temporalmente a Fiscal de Veracruz,http://www.reforma.com/aplicaciones/articulo/default.aspx?id=1760625,"Tue, 03 Sep 2019 16:59:38 CDT",Congreso de Veracruz separó temporalmente del cargo al Fiscal Jorge Winckler por no cumplir con revalidación de certificado de confianza.,Benito Jiménez
40,Restringirá deuda Presupuesto 2020,http://www.reforma.com/aplicaciones/articulo/default.aspx?id=1761479,"Wed, 04 Sep 2019 15:25:41 CDT","El Presupuesto Económico 2020 estará restringido por la alta deuda pública y pago de intereses, adelantó el Secretario de Hacienda.",Jorge Cano
41,Advierten baja en nota de México,http://www.reforma.com/aplicaciones/articulo/default.aspx?id=1761141,"Wed, 04 Sep 2019 10:19:50 CDT","La incertidumbre causada por los apoyos del Gobierno a Pemex y el menor crecimiento económico afecta la calificación del País, dijo Moody's.",Jorge Cano
42,Impone EU arancel al acero estructural,http://www.reforma.com/aplicaciones/articulo/default.aspx?id=1761458,"Wed, 04 Sep 2019 15:25:41 CDT",Departamento de Comercio de EU impuso derechos antidumping preliminares sobre ciertos aceros estructurales de China y México.,Reuters
43,Difiere ABM con perspectivas de Moody's,http://www.reforma.com/aplicaciones/articulo/default.aspx?id=1761242,"Wed, 04 Sep 2019 11:42:56 CDT","El presidente de la ABM, Luis Niño de Rivera, contradijo las perspectivas negativas que Moody's tiene tanto para la banca como para el País.",Jessika Becerra
44,Estiman en 7 mil mdd déficit de Pemex,http://www.reforma.com/aplicaciones/articulo/default.aspx?id=1761196,"Wed, 04 Sep 2019 11:17:59 CDT","En 2019 se prevé que Pemex tenga un déficit en su flujo de efectivo de 7 mil mdd, por lo que requerirá más apoyo de Gobierno, dijo Moody's.",Jorge Cano
45,Crecen 6.7% exportaciones de México a EU,http://www.reforma.com/aplicaciones/articulo/default.aspx?id=1761159,"Wed, 04 Sep 2019 11:02:39 CDT","El valor de las exportaciones de México a EU repuntó 6.7 por ciento en julio, con lo que sumó 33 meses con avances a tasa anual.",Ernesto Sarabia
46,Multan a YouTube con 170 mdd por recabar datos de niños,http://www.reforma.com/aplicaciones/articulo/default.aspx?id=1761077,"Wed, 04 Sep 2019 08:44:51 CDT","Comisión de Comercio de EU multó a YouTube, sitio de Google, con 170 mdd por recopilar datos de niños sin el consentimiento de sus padres.",AP
47,Crece 21% tráfico aéreo de VivaAerobus,http://www.reforma.com/aplicaciones/articulo/default.aspx?id=1761274,"Wed, 04 Sep 2019 12:37:54 CDT","El mes pasado, VivaAerobus transportó a un millón 170 mil pasajeros, 20.8 por ciento más que en igual mes de 2018.",Azucena Vásquez
48,Prevén mayor caída de PIB argentino,http://www.reforma.com/aplicaciones/articulo/default.aspx?id=1761120,"Wed, 04 Sep 2019 09:58:58 CDT","Encuesta del Banco Central de Argentina mostró que economistas prevén que el PIB caerá 1.1% en 2019, y un tercer año de contracción en 2020.",Bloomberg
49,Mantendría BCE política monetaria laxa,http://www.reforma.com/aplicaciones/articulo/default.aspx?id=1761058,"Wed, 04 Sep 2019 08:44:51 CDT","Christine Lagarde dijo que el BCE necesita una política monetaria expansiva por largo tiempo, pero también un enfoque en cambio climático.",Reuters
50,Sufre Johnson derrota en Parlamento,http://www.reforma.com/aplicaciones/articulo/default.aspx?id=1761498,"Wed, 04 Sep 2019 15:43:40 CDT","Parlamento de Reino Unido rechazó propuesta del Premier Boris Johnson de adelantar elecciones, tras votar contra sus planes sobre Brexit.",REFORMA / Redacción
51,Enfrentan rescatistas daños de 'Dorian',http://www.reforma.com/aplicaciones/articulo/default.aspx?id=1761456,"Wed, 04 Sep 2019 14:54:09 CDT",Equipos de rescate en las Bahamas se abrieron paso este miércoles entre casas destruidas e inundadas tras el paso del huracán 'Dorian'.,AP
52,Protestan en Argentina por crisis,http://www.reforma.com/aplicaciones/articulo/default.aspx?id=1761396,"Wed, 04 Sep 2019 13:54:32 CDT",Organizaciones sociales salieron a las calles de Argentina para protestar que se declare la emergencia alimentaria en el país.,AP
53,Sufren trastorno niños migrantes en EU,http://www.reforma.com/aplicaciones/articulo/default.aspx?id=1761187,"Wed, 04 Sep 2019 11:06:42 CDT",Los menores migrantes separados de sus padres en la frontera de México y EU sufrieron estrés postraumático y otros trastornos según informe.,AP
54,Pide ONU a México dialogar con sociedad,http://www.reforma.com/aplicaciones/articulo/default.aspx?id=1761134,"Wed, 04 Sep 2019 10:51:38 CDT","A un año de tomar el cargo, la Alta Comisionada de ONU, Michelle Bachelet, pidió a México dialogar con sociedad civil para aliviar crisis.",EFE
55,Denuncia Huawei campaña maligna de EU,http://www.reforma.com/aplicaciones/articulo/default.aspx?id=1761397,"Wed, 04 Sep 2019 13:58:11 CDT","Huawei acusó a Gobierno de EU de tener campaña en su contra, que incluye intimidaciones, detenciones ilegales y campañas de desprestigio.",REFORMA/Redacción
56,Atacan casa de otra candidata colombiana,http://www.reforma.com/aplicaciones/articulo/default.aspx?id=1761275,"Wed, 04 Sep 2019 12:41:05 CDT","Tras asesinato de candidata a Alcaldía en Colombia, ocurrió un atentado, sin víctimas, contra casa de Betsaida Montejo, también candidata.",EFE
57,Retira Hong Kong proyecto de extradición,http://www.reforma.com/aplicaciones/articulo/default.aspx?id=1761042,"Wed, 04 Sep 2019 05:59:41 CDT","La líder de Hong Kong, Carrie Lam, anunció la retirada definitiva del proyecto de ley de extradición que originó multitudinarias protestas.",EFE
58,Reabre aeropuerto pese a 'Dorian',http://www.reforma.com/aplicaciones/articulo/default.aspx?id=1761139,"Wed, 04 Sep 2019 10:51:38 CDT","Pese a cercanía de huracán ""Dorian"", en Florida reabrió el aeropuerto de Orlando y los parques temáticos regresaron a sus horarios normales.",AP y EFE
59,Mueren 22 por explosión en India,http://www.reforma.com/aplicaciones/articulo/default.aspx?id=1761331,"Wed, 04 Sep 2019 12:58:25 CDT",Una explosión en una fábrica de fuegos artificiales en el norte de India mató al menos a 22 personas y provocó que el inmueble colapsara.,AP
60,Afirma Ruiz que repetirá la dosis,http://www.cancha.com/aplicaciones/articulo/default.aspx?id=1761402,"Wed, 04 Sep 2019 13:56:56 CDT",Andy Ruiz cree poder repetirle la dosis a Anthony Joshua en la revancha a realizarse el 7 diciembre en Arabia Saudita.,CANCHA / Staff
61,Multa la Disciplinaria a Caixinha,http://www.cancha.com/aplicaciones/articulo/default.aspx?id=1761401,"Wed, 04 Sep 2019 13:55:48 CDT","Pese a estar destituido de Cruz Azul, el técnico Pedro Caixinha fue multado económicamente por la Comisión Disciplinaria",CANCHA / Staff
62,Presume México dominio sobre EU,http://www.cancha.com/aplicaciones/articulo/default.aspx?id=1760823,"Wed, 04 Sep 2019 05:02:23 CDT","México y Estados Unidos se enfrentarán este viernes, rivalidad que tiene en los recientes juegos dominio Tricolor.",Félix Zapata
63,Jugará Tri amistoso ante TyT en Toluca,http://www.cancha.com/aplicaciones/articulo/default.aspx?id=1761215,"Wed, 04 Sep 2019 11:18:12 CDT",La Selección Mexicana disputará un duelo amistoso ante Trinidad y Tobago el próximo 2 de octubre en el Nemesio Diez.,CANCHA / Staff
64,Lanza Wolverhampton uniforme tricolor,http://www.cancha.com/aplicaciones/articulo/default.aspx?id=1761105,"Wed, 04 Sep 2019 09:37:36 CDT","El Wolverhampton presentó su tercer uniforme, de color verde y con detalles blancos y rojos, que lo hacen muy mexicano.",CANCHA / Staff
65,Sosa es cesado del Atlético de San Luis,http://www.cancha.com/aplicaciones/articulo/default.aspx?id=1761160,"Wed, 04 Sep 2019 10:29:08 CDT","Pese a cumplir con un torneo aceptable, Luis Sosa fue destituido como técnico del Atlético de San Luis.",CANCHA / Staff
66,Deberán ganarse lugar en Copa Oro,http://www.cancha.com/aplicaciones/articulo/default.aspx?id=1761499,"Wed, 04 Sep 2019 15:48:20 CDT",México ya no tendrá su boleto director a la Copa Oro porque la Nations League será la vía de clasificación.,Notimex
67,Celebran aniversario con lucha en jaula,http://www.cancha.com/aplicaciones/articulo/default.aspx?id=1761475,"Wed, 04 Sep 2019 15:17:53 CDT",Una lucha en jaula por las cabelleras y con siete protagonistas será la estelar en el 86 aniversario del CMLL.,Notimex
68,Investigado por pornografía infantil,http://www.cancha.com/aplicaciones/articulo/default.aspx?id=1761428,"Wed, 04 Sep 2019 14:14:10 CDT",El ex futbolista alemán Christoph Metzelder es investigado por sospechas de distribución de pornografía infantil.,Xinhua
69,Se estrena Iturria como ganador,http://www.cancha.com/aplicaciones/articulo/default.aspx?id=1761406,"Wed, 04 Sep 2019 14:02:20 CDT",Mikel Iturria logró su primera victoria al llevarse la etapa 11 de la Vuelta de España; Primoz Roglic sigue líder.,AP
70,Rinde expo homenaje a Coronel,http://www.reforma.com/aplicaciones/articulo/default.aspx?id=1760818,"Wed, 04 Sep 2019 05:13:00 CDT","Rafael Coronel, pintor fallecido el 7 de mayo, recibirá homenaje en San Miguel de Allende con exhibición de 25 obras sobre la naturaleza.",Yanireth Israde
71,Festeja el FCE al estilo '4T',http://www.reforma.com/aplicaciones/articulo/default.aspx?id=1760903,"Wed, 04 Sep 2019 05:02:28 CDT","En 85 aniversario del FCE, la verdadera festejada no fue la editorial, sino el Gobierno actual con arengas a favor de las causas de la '4T'.",Francisco Morales V.
72,Pierde un aliado la OFEQ,http://www.reforma.com/aplicaciones/articulo/default.aspx?id=1760898,"Wed, 04 Sep 2019 05:13:00 CDT","La Filarmónica de Querétaro cierra filas en torno a su aún director, Ludwig Carrasco, quien permanecerá como su batuta hasta diciembre.",Erika P. Bucio
73,Apuestan por literatura nacional y joven,http://www.reforma.com/aplicaciones/articulo/default.aspx?id=1760917,"Tue, 03 Sep 2019 23:08:15 CDT",Una antología general de José Emilio Pacheco y varias obras ilustradas integran las novedades editoriales de Océano.,Israel Sánchez
74,Minimizan daños en obras en museo de Edomex,http://www.reforma.com/aplicaciones/articulo/default.aspx?id=1760492,"Tue, 03 Sep 2019 15:21:54 CDT","Tras denuncias de daños en cuadros de Leopoldo Flores exhibidos en Museo de Bellas Artes de Edomex, SC estatal afirmó que son superficiales.",Montserrat Peñaloza
75,Arremete Taibo II contra críticos,http://www.reforma.com/aplicaciones/articulo/default.aspx?id=1760773,"Tue, 03 Sep 2019 19:43:20 CDT",Paco Ignacio Taibo II aprovechó el 85 aniversario del FCE para rendir su informe de siete meses en el cargo y fustigar a sus críticos.,Francisco Morales V.
76,Falleció Elisa García Barragán,http://www.reforma.com/aplicaciones/articulo/default.aspx?id=1760745,"Tue, 03 Sep 2019 19:17:25 CDT","Elisa García Barragán, estudiosa del arte, la historia y la literatura mexicanas, falleció este martes, informó el INBA.",REFORMA/ Redacción
77,Intelectuales deben ayudar en transformación.- AMLO,http://www.reforma.com/aplicaciones/articulo/default.aspx?id=1760711,"Tue, 03 Sep 2019 18:25:09 CDT",López Obrador afirmó que se necesita que los intelectuales también ayuden en los procesos de transformación del País.,Zedryk Raziel y Francisco Morales V.
78,Un poeta de la memoria,http://www.reforma.com/aplicaciones/articulo/default.aspx?id=1759969,"Tue, 03 Sep 2019 05:06:42 CDT","David Huerta, ganador del Premio FIL de Literatura en Lenguas Romances 2019, afirma que no hay arte sin memoria.",Erika P. Bucio
79,Homenajearán a Celso Piña en Los Pinos,http://www.reforma.com/aplicaciones/articulo/default.aspx?id=1760180,"Tue, 03 Sep 2019 09:10:01 CDT","La Secretaria de Cultura, Alejandra Frausto, informó que el 15 de septiembre se hará un homenaje a Celso Piña en Los Pinos.",Claudia Guerrero
80,Presume AMLO becas Conacyt... y nada más,http://www.reforma.com/aplicaciones/articulo/default.aspx?id=1758868,"Sun, 01 Sep 2019 14:46:39 CDT","La política científica faltó en el mensaje de AMLO por su Informe de Gobierno, pues apenas mencionó la entrega de becas por el Conacyt.",Israel Sánchez
81,La ciencia en Astrocopla,http://www.reforma.com/aplicaciones/articulo/default.aspx?id=1758033,"Sat, 31 Aug 2019 05:02:14 CDT","Proyecto Astrocopla, que se presentará en México, divulga aspectos de física y astronomía a través de la copla, género tradicional español.",Israel Sánchez
82,Logran mexicanos lo que ni Newton pudo,http://www.reforma.com/aplicaciones/articulo/default.aspx?id=1753665,"Mon, 26 Aug 2019 05:01:36 CDT",Genios como Descartes y Newton habían buscado solución al defecto de aberración esférico; dos jóvenes mexicanos dieron con dicha ecuación.,Israel Sánchez
83,"Una agencia espacial, ¿para qué?",http://www.reforma.com/aplicaciones/articulo/default.aspx?id=1748779,"Mon, 19 Aug 2019 05:01:31 CDT","Agencia Espacial Mexicana, que entró en operaciones en 2013, trabaja en el desarrollo de equipos satelitales con talento de universitarios.",Israel Sánchez
84,"AEM, agencia espacial de 'papel'",http://www.reforma.com/aplicaciones/articulo/default.aspx?id=1750286,"Wed, 21 Aug 2019 05:01:30 CDT","Impulsores del proyecto original de la AEM consideraron que cuando se concibió la Agencia había expectativas altas, pero sólo quedó en eso.",Israel Sánchez
85,Exigen claridad al Conacyt,http://www.reforma.com/aplicaciones/articulo/default.aspx?id=1752774,"Sat, 24 Aug 2019 05:02:30 CDT","Postulantes acusaron que existen anomalías en evaluación, dictaminación y aprobación de apoyos en Conacyt y que no ha asignado 205 becas.",Israel Sánchez
86,Critican a titular del SNI del Conacyt,http://www.reforma.com/aplicaciones/articulo/default.aspx?id=1753079,"Sat, 24 Aug 2019 12:33:07 CDT",Antonio Lazcano criticó al director del Sistema de Investigadores del Conacyt por tener el cargo con limitada experiencia en investigación.,REFORMA/Redacción
87,Ojalá que nos oigan.- Mario Molina,http://www.reforma.com/aplicaciones/articulo/default.aspx?id=1750319,"Tue, 20 Aug 2019 21:24:22 CDT",Mario Molina prevé un acercamiento con el Gobierno para convencerlo en usar energías renovables en vez de mirar hacia combustibles fósiles.,Yanireth Israde
88,Despiden a glaciar que desapareció en Islandia,http://www.reforma.com/aplicaciones/articulo/default.aspx?id=1748667,"Sun, 18 Aug 2019 19:12:01 CDT","Profesores y científicos colocaron una placa en Islandia en honor a Okjökull, primer glaciar del país perdido por el cambio climático.",REFORMA / Redacción
89,Arranca AMC año académico en austeridad,http://www.reforma.com/aplicaciones/articulo/default.aspx?id=1739934,"Tue, 06 Aug 2019 17:14:27 CDT",La Academia Mexicana de Ciencias operó el primer semestre de 2019 con menos del 25% del presupuesto de 2018; piden se garantice su futuro.,Israel Sánchez
90,Pone Morena condiciones para que AN presida Mesa,http://www.reforma.com/aplicaciones/articulo/default.aspx?id=1761363,"Wed, 04 Sep 2019 13:33:36 CDT","Tras desistirse de presidir Mesa Directiva en San Lázaro, Morena dijo que PAN tendrá su apoyo si proponen un perfil que les dé confianza.",Claudia Salazar
91,Detectan colusión policías-crimen en 50 municipios,http://www.reforma.com/aplicaciones/articulo/default.aspx?id=1761460,"Wed, 04 Sep 2019 15:45:24 CDT","El Secretario de Seguridad, Alfonso Durazo, afirmó que hay 50 municipios en los que detectaron colusión entre policías y crimen organizado.",Martha Martínez y Claudia Salazar
92,Acusa PAN Gobierno destructivo,http://www.reforma.com/aplicaciones/articulo/default.aspx?id=1761491,"Wed, 04 Sep 2019 15:45:25 CDT","En festejo por 80 años de existencia del PAN, el dirigente Marko Cortés acusó al Gobierno de AMLO de destruir instituciones y economía.",Mayolo López
93,Pelean en INE por ampliación de periodos,http://www.reforma.com/aplicaciones/articulo/default.aspx?id=1761496,"Wed, 04 Sep 2019 15:51:04 CDT",La ampliación del periodo de consejeros en comisiones del INE fue aceptada pese a pelea entre miembros del Consejo por quejas de violar ley.,Érika Hernández
94,Rechaza Fiscal omisiones en caso Breach,http://www.reforma.com/aplicaciones/articulo/default.aspx?id=1761415,"Wed, 04 Sep 2019 14:37:06 CDT","El Fiscal de Chihuahua rechazó que en la indagatoria sobre caso de periodista Breach haya ignorado pistas y pruebas, como acusó colectivo.",Pedro Sánchez Briones
95,Urge IP abasto de electricidad en Península,http://www.reforma.com/aplicaciones/articulo/default.aspx?id=1761442,"Wed, 04 Sep 2019 14:43:05 CDT","En reunión con AMLO, empresarios de Yucatán advirtieron que, para que inversiones se logren, se debe garantizar suministro de electricidad.",Zedryk Raziel
96,Caen tres marinos por huachicol,http://www.reforma.com/aplicaciones/articulo/default.aspx?id=1761391,"Wed, 04 Sep 2019 13:55:58 CDT","Tres marinos fueron puestos a disposición de la FGR por presuntamente sustraer combustible de refinería en Salina Cruz, Oaxaca.",Benito Jiménez
97,Ven faltantes en medición de pobreza,http://www.reforma.com/aplicaciones/articulo/default.aspx?id=1761474,"Wed, 04 Sep 2019 15:16:53 CDT","Seis dimensiones, como la violencia y la falta de seguridad, no se abordaron adecuadamente en medición de pobreza, afirmaron expertos.",Evlyn Cervantes
98,Piden a SCT informe sobre empresa de internet,http://www.reforma.com/aplicaciones/articulo/default.aspx?id=1761473,"Wed, 04 Sep 2019 15:16:53 CDT",El INAI ordenó a la SCT realizar una búsqueda exhaustiva de la información relacionada con la creación de una empresa de internet.,Rolando Herrera
99,Suspende UNAM trámites en Rectoría,http://www.reforma.com/aplicaciones/articulo/default.aspx?id=1761367,"Wed, 04 Sep 2019 13:38:50 CDT",Los trámites en Rectoría de la UNAM están suspendidos en tanto se reparan los destrozos que encapuchados causaron ayer durante una protesta.,Iris Velázquez
116,Va Alcatel por los centennials,http://www.reforma.com/aplicaciones/articulo/default.aspx?id=1761236,"Wed, 04 Sep 2019 11:30:42 CDT","Los equipos Alcatel 3 2019 y Alcatel 3C 2019 debutan con precios de 3 mil 300 pesos y 2 mil 800, respectivamente.",Axel Romero
117,Lanza Ifrogz audífonos inalámbricos,http://www.reforma.com/aplicaciones/articulo/default.aspx?id=1761359,"Wed, 04 Sep 2019 13:26:19 CDT","Con carga rápida, autonomía de hasta 15 horas y estuche recargable, los audífonos AIRTIME Truly Wireless cuestan $1,300.",Axel Romero
118,Lleva Waze señal a túneles de SuperVía,http://www.reforma.com/aplicaciones/articulo/default.aspx?id=1760746,"Tue, 03 Sep 2019 19:20:02 CDT",Los túneles de la SúperVía Poniente ya tienen señal GPS para que las apps de navegación no dejen de funcionar.,Aleyda Ángel
119,Juegos 'must' de septiembre,http://www.reforma.com/aplicaciones/articulo/default.aspx?id=1759545,"Mon, 02 Sep 2019 13:26:15 CDT","Las retas de fut serán más reales, los casquillos volarán al compás de las explosiones y la nostalgia llega más bella, con más sorpresas.",Axel Romero
120,Hackean la cuenta del CEO de Twitter,http://www.reforma.com/aplicaciones/articulo/default.aspx?id=1757770,"Fri, 30 Aug 2019 15:18:27 CDT","La cuenta de Twitter del fundador de la empresa, Jack Dorsey, publicó una oleada de tuits racistas y antisemitas en cuestión de minutos.",José Luis Adriano
121,#LunesDeReseñas: Instax Mini LiPlay,http://www.reforma.com/aplicaciones/articulo/default.aspx?id=1753743,"Mon, 26 Aug 2019 05:01:34 CDT",La cámara híbrida Fujifilm Instax Mini LiPlay lleva sonidos a la fotografía instantánea.,José Luis Adriano
122,#LunesDeReseñas: Echo Show 5,http://www.reforma.com/aplicaciones/articulo/default.aspx?id=1732407,"Mon, 29 Jul 2019 05:02:01 CDT",El Echo Show 5 tiene una pantalla táctil de 5.5 pulgadas y una cámara frontal que puede apagarse para mayor privacidad del usuario.,Aleyda Ángel
123,Llegan a México los Galaxy Note 10,http://www.reforma.com/aplicaciones/articulo/default.aspx?id=1755280,"Wed, 28 Aug 2019 05:09:43 CDT","Los Samsung Galaxy Note 10 y Galaxy Note 10+ estarán en tiendas el 5 de septiembre por 23 y 28 mil pesos, su preventa inició este martes.",José Luis Adriano
124,Anuncian precio de Honor 20,http://www.reforma.com/aplicaciones/articulo/default.aspx?id=1754449,"Mon, 26 Aug 2019 19:29:59 CDT","El Honor 20 llegará a México con cuatro cámaras traseras, pantalla de 6.26 pulgadas, RAM de 6 GB y 3750 mAh, por menos de 15 mil pesos.",Staff Gadgets
125,Magia mexicana en FIFA 20,http://www.reforma.com/aplicaciones/articulo/default.aspx?id=1752472,"Fri, 23 Aug 2019 13:46:41 CDT",Sam Rivera forma parte del equipo de desarrollo que traerá de vuelta el futbol callejero en el juego de EA Sports.,Axel Romero
126,Un 'statement' de personalidad,http://www.reforma.com/aplicaciones/articulo/default.aspx?id=1759562,"Mon, 02 Sep 2019 13:54:35 CDT",Conoce la nueva fragancia de L'Bel que te dará un aire clásico.,Vania Estévez
127,Millie y Selena compiten por el beauty,http://www.reforma.com/aplicaciones/articulo/default.aspx?id=1759787,"Tue, 03 Sep 2019 05:01:41 CDT",stintas personalidades del medio se han adentrado a este mundo proponiendo sus firmas de cosméticos y del cuidado de la piel.,Laura Cianci
128,Tommy X Zendaya llega a Fashion Week,http://www.reforma.com/aplicaciones/articulo/default.aspx?id=1759737,"Mon, 02 Sep 2019 17:24:30 CDT",La nueva colección colaborativa será presentada el 8 de septiembre.,Reforma / Staff
129,Saca tu lado sport con Vans,http://www.reforma.com/aplicaciones/articulo/default.aspx?id=1760646,"Tue, 03 Sep 2019 17:15:21 CDT",Apoyar el talento de la disciplina de BMX es uno de los nuevos pilares de la marca californiana.,Vania Estévez
130,Empápate de moda,http://www.reforma.com/aplicaciones/articulo/default.aspx?id=1757994,"Sat, 31 Aug 2019 05:01:57 CDT",Camina con libertad sin preocuparte por mojarte. ¡Te dejamos algunas opciones de calzado que podrás utilizar sin dejar de lucir a la moda.,Paola Cianci
131,El aroma de Lalique que evoca al éxito,http://www.reforma.com/aplicaciones/articulo/default.aspx?id=1759446,"Mon, 02 Sep 2019 11:58:31 CDT","Conoce la fragancia masculina L' Insoumis Ma Force, de la firma Lalique.",Lupita Aguilar
132,Firman Fashion Pact en pro del planeta,http://www.reforma.com/aplicaciones/articulo/default.aspx?id=1756067,"Wed, 28 Aug 2019 19:58:44 CDT",Conoce cuáles son las firmas de moda que se han unido para hacerle frente a los problemas ambientales.,Vania Estévez
133,La magia de Kathia Fontini,http://www.reforma.com/aplicaciones/articulo/default.aspx?id=1757958,"Fri, 30 Aug 2019 19:10:15 CDT",La diseñadora comparte lo que significa para dedicarse al ámbito de la moda.,Lupita Aguilar
134,Así es la moda ecológica,http://www.reforma.com/aplicaciones/articulo/default.aspx?id=1757973,"Sat, 31 Aug 2019 05:12:29 CDT",El nuevo camino es crear productos de lujo sin causar daños innecesarios al planeta.,Fernando Toledo
135,El accesorio que ajusta tus looks,http://www.reforma.com/aplicaciones/articulo/default.aspx?id=1756860,"Fri, 30 Aug 2019 05:03:05 CDT","Este accesorio se convertirá en el protagonista de casi todos tus atuendos, dale le bienvenida al elemento más trendy de la temporada.",Reforma/Staff
136,Toca tierra 'Fernand' en Tamaulipas,http://www.reforma.com/aplicaciones/articulo/default.aspx?id=1761303,"Wed, 04 Sep 2019 12:45:49 CDT","La tormenta tropical 'Fernand' tocó tierra en Boca de Catán, Tamaulipas, a 55 km de La Pesca; su trayectoria apunta a Monterrey, NL.",Antonio Baranda y Mirna Ramos
137,Niega TEPJF presiones por 'Ley Bonilla',http://www.reforma.com/aplicaciones/articulo/default.aspx?id=1761452,"Wed, 04 Sep 2019 14:50:14 CDT","Felipe Fuentes, presidente de TEPJF, dijo que órgano no ha recibido presiones para resolver recurso que presentó Coparmex por 'Ley Bonilla'.",Mayolo López
138,Para CECyTE en 19 estados,http://www.reforma.com/aplicaciones/articulo/default.aspx?id=1761322,"Wed, 04 Sep 2019 13:02:14 CDT",Trabajadores del CECyTE pararon labores en 19 estados en reclamo por el incumplimiento de la Federación en el pago de bonos y salarios.,Óscar Uscanga
139,Exigen restitución de Winckler como Fiscal,http://www.reforma.com/aplicaciones/articulo/default.aspx?id=1761269,"Wed, 04 Sep 2019 12:36:28 CDT","Tras señalar 'golpe de Estado', el senador del PAN Damián Zepeda exigió la restitución inmediata del Fiscal de Veracruz, Jorge Winckler.",Mayolo López
140,Recapturan a asesino de activista en Chihuahua,http://www.reforma.com/aplicaciones/articulo/default.aspx?id=1761138,"Wed, 04 Sep 2019 10:12:04 CDT",Autoridades de Chihuahua recapturaron al presunto homicida del activista rarámuri Juan Ontiveros Ramos luego de ser liberado en abril.,Pedro Sánchez / Corresponsal
141,Acusan a Policía de Coatzacoalcos,http://www.reforma.com/aplicaciones/articulo/default.aspx?id=1760909,"Wed, 04 Sep 2019 05:02:28 CDT","La Policía de Coatzacoalcos opera con irregularidades, influyentismo, corrupción y presuntas ligas al crimen, acusaron mandos estatales.",Benito Jiménez
142,Cuenta Winckler con suspensión contra cese,http://www.reforma.com/aplicaciones/articulo/default.aspx?id=1761193,"Wed, 04 Sep 2019 11:06:02 CDT","Juzgado federal otorgó en enero una suspensión definitiva a Jorge Winckler, Fiscal de Veracruz, ante intentos de destitución ajenos a ley.",Benito Jiménez
143,Deja 'Fernand' sin clases a NL y Tamaulipas,http://www.reforma.com/aplicaciones/articulo/default.aspx?id=1761100,"Wed, 04 Sep 2019 09:45:43 CDT",Autoridades de NL y Tamaulipas ordenaron suspender clases en todos los planteles escolares de la zona ante impacto de la tormenta 'Fernand'.,Antonio Baranda
144,Querían diputados beca de posgrado,http://www.reforma.com/aplicaciones/articulo/default.aspx?id=1760916,"Wed, 04 Sep 2019 05:02:28 CDT","Aún con un sueldo de 109 mil 68 pesos al mes, tres diputados del Congreso de Jalisco pretendían obtener una beca para estudiar un posgrado.",Martín Aquino
145,Separan temporalmente a Fiscal de Veracruz,http://www.reforma.com/aplicaciones/articulo/default.aspx?id=1760625,"Tue, 03 Sep 2019 16:59:38 CDT",Congreso de Veracruz separó temporalmente del cargo al Fiscal Jorge Winckler por no cumplir con revalidación de certificado de confianza.,Benito Jiménez
146,Planea Arabia Saudita visado de turista,http://www.reforma.com/aplicaciones/articulo/default.aspx?id=1761214,"Wed, 04 Sep 2019 11:14:58 CDT",Varias fuentes han señalado que el gobierno de Arabia Saudita está por aceptar solicitudes de visa de turista a finales de septiembre.,Bloomberg
147,Reabre aeropuerto de Orlando,http://www.reforma.com/aplicaciones/articulo/default.aspx?id=1761198,"Wed, 04 Sep 2019 11:14:58 CDT","Tras el paso del huracán Dorian, este miércoles reabrió el aeropuerto de Orlando.",AP
148,Baja Disney Shanghái precio para niños,http://www.reforma.com/aplicaciones/articulo/default.aspx?id=1761206,"Wed, 04 Sep 2019 11:14:58 CDT","A partir del 8 de octubre, Disneylandia Shanghái implementará nuevos criterios de venta de boletos para niños; ofrecerá descuentos.",Xinhua
149,Apoyan empresas de cruceros a Bahamas,http://www.reforma.com/aplicaciones/articulo/default.aspx?id=1761210,"Wed, 04 Sep 2019 11:14:58 CDT","Compañías de cruceros anunciaron millonarias donaciones a las islas Bahamas, para socorrer al archipiélago devastado por el huracán Dorian.",EFE
150,Impulsa Príncipe turismo sustentable,http://www.reforma.com/aplicaciones/articulo/default.aspx?id=1760181,"Tue, 03 Sep 2019 09:21:42 CDT","El Príncipe Enrique presentó 'Travalyst', plataforma para impulsar el turismo sustentable.",Reuters
151,Tras la pista de Cortázar,http://www.reforma.com/aplicaciones/articulo/default.aspx?id=1753330,"Mon, 26 Aug 2019 05:01:34 CDT","A 105 años del natalicio del escritor Julio Cortázar, aquí algunos destinos a visitar si quieres planear una travesía en su honor.",REFORMA /  Redacción
152,¡Abuelos de lujo!,http://www.reforma.com/aplicaciones/articulo/default.aspx?id=1752801,"Sun, 25 Aug 2019 05:09:08 CDT","Este 28 de agosto se celebra el Día del Abuelo, para festejarlo, proponemos destinos que todos disfrutarán.",REFORMA / Redacción
153,El Hollywood de Tarantino,http://www.reforma.com/aplicaciones/articulo/default.aspx?id=1751079,"Fri, 23 Aug 2019 05:13:50 CDT","Este viernes se estrena ""Había una Vez... En Hollywood"", de Quentin Tarantino. Aquí algunas locaciones que puedes visitar cuando vayas a LA.",REFORMA / Redacción
154,Hoteles para ¡gamers!,http://www.reforma.com/aplicaciones/articulo/default.aspx?id=1756796,"Thu, 29 Aug 2019 13:26:54 CDT","¿Te gustan los videojuegos y viajar? Conoce estos hospedajes, diseñados especialmente para gamers.",REFORMA / Redacción
155,Hospedajes ¡de película!,http://www.reforma.com/aplicaciones/articulo/default.aspx?id=1748150,"Sun, 18 Aug 2019 05:04:46 CDT",Aquí algunos hoteles y hospedajes que son famosos por aparecer en reconocidas cintas.,REFORMA / Redacción
